:020000041000EA
:1000000000B5324B212058609868022188439860DF
:10001000D860186158612E4B002199600221596106
:100020000121F02299502B49196001219960352056
:1000300000F044F80222904214D00621196600F024
:1000400034F8196E01211966002018661A6600F04E
:100050002CF8196E196E196E052000F02FF8012189
:100060000842F9D1002199601B49196000215960AB
:100070001A491B48016001219960EB211966A021F2
:10008000196600F012F800219960164914480160C1
:100090000121996001BC002800D000471248134993
:1000A000086003C880F30888084703B5996A0420EC
:1000B0000142FBD001200142F8D103BD02B5186610
:1000C0001866FFF7F2FF186E186E02BD00000240BE
:1000D000000000180000070000035F00212200005C
:1000E000F4000018222000A00001001008ED00E03C
:1000F00000000000000000000000000074B24E7A12
:1001000000200420F7010010CB010010CD010010E9
:10011000C9010010C9010010C9010010C901001077
:10012000C9010010C9010010C9010010CF01001061
:10013000C9010010C9010010D1010010D301001045
:10014000C1010010C1010010C1010010C101001067
:10015000C1010010C1010010C1010010C101001057
:10016000C1010010C1010010C1010010C101001047
:10017000C1010010C1010010C1010010C101001037
:10018000C1010010C1010010C1010010C101001027
:10019000C1010010C1010010C1010010C101001017
:1001A000C1010010C1010010C1010010C101001007
:1001B000C1010010C1010010C1010010C1010010F7
:1001C000EFF30580103800BE00BE00BE00BE00BECA
:1001D00000BE00BEF2EB887170BE00108CBE001035
:1001E0003802001090A31AE71E481F49086006C88D
:1001F00081F3088810471D480068002801D019487D
:10020000F3E70DA40ECC002902D000F012F8F9E7B4
:100210001749184A002000E001C19142FCD116495B
:100220008847164988471649884700BEFDE701C937
:1002300001C29A42FBD370478CBE0010C000002060
:1002400010420020DCFF0010000004200000042009
:10025000DCFF00100010042000100420000000004B
:10026000704700000000000008ED00E0000000D032
:100270001042002030770020C5550010D502001034
:10028000BD550010F8B5C04606480749091A8B103D
:10029000C90FC91810B5491003D0044B002B00D06A
:1002A000984710BD104200201042002000000000BE
:1002B000054B10B5002B03D00449054800E000BFF2
:1002C000FFF7E2FF10BDC04600000000B458002058
:1002D00028B6001000B585B0144803AB02AA01A9E6
:1002E00002F04CFA002803D11148104900F0F2FF47
:1002F000039A0299019802F065F90A2001F096FD2F
:1003000005F056FF0B4805F0C9FF01236A4600209F
:10031000938103A906F0FCFB01200021404206F076
:1003200071FC002007F0B6FAF6E7C046C0D4010021
:1003300028B600103D0300107047C04670B50A2073
:1003400086B001F073FD02AA11002A4B31CB31C1F6
:100350001B6801200B60642108F0E8FBE1212648BE
:10036000490201F0ABFF02210C2000F007FF02213F
:100370000D2000F003FF02236A4601A901209380AB
:1003800008F0D8FB0021022005F0E8FB192000F05E
:100390007BFFD024802324069B04184D184E6362F3
:1003A00001200021404208F08DFE00F061FC002099
:1003B00007F014FA0028F3D084222900002052000C
:1003C00007F01AFA2B78FF2BEAD16B78AA2BE7D12A
:1003D00080239B046361022804D9821EA91C30007B
:1003E00003F036FC300000F0BDFD642001F01EFD7E
:1003F000D6E7C046E0B8001000400340E874002093
:10040000F0750020F0B5CE46474680B5C9B005AEC0
:1004100005000F0032001D4B13CB13C2390028001A
:100420000AF030F812236B44994604AB9846040056
:1004300019004A46280008F05DFB4B464246A000E2
:1004400080591B881288124902900197009508A8CC
:1004500005F058F8013C020008A9002007F058FAFE
:10046000E4B2002007F016FA012C04D949B0C0BC50
:10047000B946B046F0BD390028000AF019F8002846
:10048000F4D11E22034907F043FAEFE7F0B8001059
:100490005CB6001090B6001010B5094CC0B00B004F
:1004A00002002100684605F02DF869460200002090
:1004B00007F02EFA002007F0EDF940B010BDC0465D
:1004C000B0B6001070B504000D00160009F0DAFF98
:1004D000012816D0022806D02900200009F0E8FFE4
:1004E000002809D070BD300000F086FA29002000F5
:1004F00009F0DEFF0028F5D11E22044907F008FAB2
:10050000F0E7300000F0C4F8E6E7C04690B600100F
:1005100000487047F8B900100048704700B9001053
:1005200070B5002823D004282CD8174B8000C5585C
:1005300028000AF04FFEC0B2041C1F2812D8E4B2F3
:10054000002808D00023114AE95C01331180D9B298
:1005500002328C42F8D8C0220134E3B25B00920030
:1005600013430CE01F24E4B20028EBD1F3E7064B61
:1005700002221968054803F06BFBC1239B00044865
:10058000038070BD0020FCE7B03B0020E64A00205D
:10059000E44A00200048704764B900107047C04624
:1005A000002070477047C04630B51400344A1D0023
:1005B000137800280AD0002B13D101211170314A81
:1005C000002014605560304A137009E0012B16D0EA
:1005D000022B2FD0042B34D0052B26D02A4B187891
:1005E00030BD012B0FD0032B32D101331370012208
:1005F000244B01201C605D60234B1A70F0E7224BF6
:1006000010701878ECE71F4B18685968241A8D4150
:10061000002D19D002210020117000210122186044
:100620005960194B01201A70DAE7174B10701870D7
:100630000020D5E7013313700122134B01201A70FB
:10064000CEE7013B1370C9E710498C42E2D8C5E7F9
:10065000042BC3D10B4B18685968241A8D41002D07
:1006600002D10A498C42B9D905210020117000211C
:10067000002218605960044B00201A70B0E7C04691
:1006800029770020884200202A7700200F270000C9
:10069000F0B54F464646D646A94BC0B51B78A94F84
:1006A0009946A94B7E7898461B7804009A46012EFD
:1006B0004FD0A64D811C062228000AF0FFFCA91E7F
:1006C0000A78022E51D14B46002B00D1E3E053466D
:1006D000002B00D1DFE09E4B1B78002B00D00EE1F9
:1006E000217801330B4200D071E19A4313000222BA
:1006F00098490B702078024200D173E11343DBB2BA
:1007000004220B702078024200D169E11343DBB26E
:1007100008220B702078024200D15FE11343DBB264
:1007200010220B702078024200D155E11343DBB256
:1007300020220B702078024200D14BE11343DBB240
:1007400040220B702078024200D136E11343DBB225
:10075000CEE04B46002B00D0D9E07C4D0622A11CF8
:1007600028000AF0ABFCA91E0A7801232078034276
:1007700038D19A43130002220B702078024239D1FB
:10078000934304220B70207802423BD1934308220A
:100790000B70207802423DD1934310220B702078D9
:1007A00002423FD1934320220B702078024241D174
:1007B000934340220B702078024243D193430B7045
:1007C0002278D20945D080221A430A70012E45D0E2
:1007D0002B000121002007F085FAE0BCBA46B146A3
:1007E000A846F0BD012313430222DBB20B70207830
:1007F0000242C5D0022213430422DBB20B702078E0
:100800000242C3D0042213430822DBB20B702078CB
:100810000242C1D0082213431022DBB20B702078B1
:100820000242BFD0102213432022DBB20B7020788B
:100830000242BDD0202213434022DBB20B7020784D
:100840000242BBD040221343DBB20B702278D209A4
:10085000B9D17F221A400A70012EB9D13978A37814
:100860008B4200D1B1E0E3788B4200D1ADE0237937
:100870008B4200D1A9E063798B4200D1A5E0A37936
:100880008B4200D1A1E0E3795B1A59424B41DBB2C4
:1008900041460B709CE7217801330B425CD19A43AF
:1008A000130002222B490B70207802425DD1934342
:1008B00004220B70207802425FD1934308220B7010
:1008C0002078024261D1934310220B7020780242BB
:1008D00063D1934320220B702078024265D1934369
:1008E00040220B702078024267D040221343DBB2D3
:1008F0000B702278D20965D080221A430A702178C1
:100900003B780B40591E8B4141460B7060E75346C4
:10091000002B00D121E70E4B1B78002B64D10D4931
:1009200083780A788B70C3788D1CCB7003790B7138
:1009300043794B7183798B71C379CB7115E7C046CD
:100940001F7700203446002027770020925800208F
:1009500025770020905800200123134302222449C8
:10096000DBB20B7020780242A1D002221343042292
:10097000DBB20B70207802429FD00422134308227E
:10098000DBB20B70207802429DD008221343102264
:10099000DBB20B70207802429BD01022134320223E
:1009A000DBB20B702078024299D020221343402200
:1009B000DBB20B702078024297D193430B70227800
:1009C000D20999D17F221A4098E7012360E71343A7
:1009D000DBB28CE69343B3E69343A9E693439FE6E9
:1009E000934395E693438BE6024DA91E0A78BCE635
:1009F0009058002092580020F0B5DE4657464E46EB
:100A000045460123E0B502250326944CC35687B022
:100A1000637045579249A57086578A46E6704978B3
:100A200022788B4603294FD001210778394229D1FA
:100A30008A4302212270077839422BD18A4304214C
:100A40002270077839422DD18A4308212270077815
:100A500039422FD18A43102122700078014231D0CF
:100A60000A43D2B222700021019602910095023110
:100A7000002007F079F907B0F0BCBB46B246A946A2
:100A8000A046F0BD01210A430221D2B222700778AC
:100A90003942D3D002210A430421D2B2227007780E
:100AA0003942D1D004210A430821D2B222700778FA
:100AB0003942CFD008210A431021D2B222700078E7
:100AC0000142CDD18A43CDE7664F3F78002F2BD12D
:100AD00001210778394200D08FE08A430221227039
:100AE0000778394200D084E08A43042122700778D5
:100AF00039427AD18A43082122700778394270D16D
:100B00008A43102122700778394268D00A43D2B252
:100B1000554922708C465146007809780140481E9C
:100B20008141604601709EE74F4FBC463F78002FE1
:100B30002BD04E49059109780029ECD10121884636
:100B40000178894641464F46394264D147461100F3
:100B5000B94321708846017889077CD50222414635
:100B60001143CAB20599227009780029D3D1042112
:100B70000778394260D004210A43D2B2082122709A
:100B80000778394251D008211EE00137B84607786E
:100B9000B946474649460F4233D11100B943217047
:100BA0008846017889074ED5022241461143CAB2D0
:100BB00004212270077839423CD00A43D2B208217E
:100BC00022700778394230D00A43D2B21021227005
:100BD000077839422BD00A43D2B222709BE78A436E
:100BE00096E708210A43D2B28BE704210A43D2B226
:100BF00081E702210A43D2B277E701210A43D2B248
:100C00006CE701211143217002210778394215D088
:100C100003210A43CCE70121114321700221077807
:100C2000394213D003210A439CE78A43CEE78A4323
:100C3000227070E78A43C2E78A439FE78A43012113
:100C40000A43D2B2B4E759468A43B1E78A43012145
:100C50000A43D2B286E759468A4383E7A058002068
:100C6000344600201F7700202777002025770020BA
:100C7000F0B5CE46474680B585B001F083FAA84B63
:100C800004001B780D00002B09D0A64B1A78D34323
:100C90009B0700D191E0A44AA44B12681A60A44BB0
:100CA0001B78002B03D0A34B1B78002B12D1D02331
:100CB00080221B0692049A619F4D6C78012C22D0F1
:100CC000022C00D1ADE0032C3FD005B0C0BCB9462A
:100CD000B046F0BDD02380221B0692045A61974B88
:100CE0001B78002B3FD1964A5378012B00D1C5E0E9
:100CF000022B00D1DCE0032BDED18A4B11781A786D
:100D00008A431A70D8E78F4A2B789178994210D08D
:100D1000D17899420DD0117999420AD051799942EE
:100D200007D09179994204D0D479E41A63425C41A6
:100D3000E4B201F027FA02000B002000FFF734FCB8
:100D40007C4B18706C78032CBFD1764B2C781B78B9
:100D50001C4001F017FA02000B002000FFF724FCF2
:100D6000744B1870B1E726002F00774B774819684D
:100D700002F048F876490A684B68B61A9F41002F7E
:100D800001D1B04298D80C604D606D494B78012B71
:100D90004CD0022B00D191E0032B00D08CE7614BAB
:100DA00009781A7800204A401A7000230221029321
:100DB0000193009306F0D8FF7EE75C4B99461B68D1
:100DC0009846002B05D1584B1B6898464B46414628
:100DD000196026002F005F4B1B689C465E4B18680D
:100DE0005968361A8F41002F02D1B44500D956E711
:100DF0001C605D604C4B594918684346C01A40005E
:100E0000435609180120464608564946013E0E60E1
:100E100000210090029101910020023106F0A4FF10
:100E20003DE7484B2C781B781C4082E7454B0A78FD
:100E300099788A4266D0002962D0D9788A425DD0FA
:100E4000002959D019798A4251D000294BD05979BB
:100E50008A425BD0002957D099798A425ED0002916
:100E60005AD0D979914255D0002951D03C4B01211B
:100E70009A1E1278002006F035FF1DE7314B1278DC
:100E80009978914225D0D978914224D0197991420C
:100E900023D05979914222D09979914221D0D979A0
:100EA000914200D008E705229B1800229A7003E7C0
:100EB000244B11781A788A431A70FDE6214B097881
:100EC0001A7800204A401A700121023306F00AFF06
:100ED000F2E60022E8E70122E6E70222E4E7032245
:100EE000E2E70422E0E7022159188A70BEE70222F5
:100EF0009A1800239370B9E70121F5E70122F7E77B
:100F00000021F1E70022F3E70321EDE70322EFE7F9
:100F10000531E9E70522EBE70421E5E70422E7E7ED
:100F20001E770020A0580020DC5A0020E05A002044
:100F30001F770020257700203046002027770020EB
:100F400034460020905800206054002040420F009A
:100F5000804200206454002010440020CC5800201F
:100F60009258002070B5002808D00378112B06D0C5
:100F7000102B16D0212B1CD0202B16D070BD012297
:100F80002E4B1A7043782E4A5B00136082782D4BEB
:100F90001A70C2785A702C4B02791A7042795A70C2
:100FA000ECE70022254B1A70E8E70022274B1A7065
:100FB000E4E70122254B26491A70427853019B1A17
:100FC0009B009B18DB000B608578224B1D60224B39
:100FD0001D60002DD2D06B1EC11C022B21D9002315
:100FE0001E001E4AC41DA2425E413400161DB142BD
:100FF0005B41234316D08B0714D100236E08B60043
:10100000CC589C5004339E42FAD101232B42B5D0D8
:101010009D436D004019C378AB54037955196B702B
:10102000ACE70E4A0023087801331070487802318B
:10103000507002329D42F6D8A0E7C0461F770020CC
:101040006054002034460020304600201E770020E7
:1010500064540020DC5A0020E05A0020CC580020C4
:101060001300002010B5642900D010BD1022190013
:10107000024802F0EDFD0120F7E7C046C43B002026
:1010800010B5024804F0F0FD012010BDC43B002063
:1010900010B50138C0B204F0DBFE10BD10B5013848
:1010A000C0B204F0F5FE10BD0138C0B243000D4AD5
:1010B0001B181B019B18D02230B512069978506876
:1010C000DC78536801221500A5408A402B405C4221
:1010D00063411040424250415B001843431E984117
:1010E000C0B230BD707400200138C0B24300044A61
:1010F0001B181B019B18587B012358407047C046A2
:101100007074002010B50138C0B204F0E5FE10BDC7
:101110007047C046F0B50D0083B001AF0400390040
:101120002800160008F0B0FB7A780023002A04D0CB
:10113000FB78013B5A425341DBB2013C32002900AB
:10114000E0B204F0E5FE03B0F0BDC04610B582B0D9
:101150006C46248A01380094C0B204F065FF02B0E6
:1011600010BDC04610B50138C0B204F0A5FF10BDD7
:1011700010B50138C0B204F027FF10BD094A830042
:101180009A1810B514684022544080322240064C10
:10119000C000A44663441A60044B9C46604441600E
:1011A00010BDC04604C0014004D0014000400140D1
:1011B000074B8000C3181B68C90092000A435A40BD
:1011C0000C231340034A9446604403607047C046B2
:1011D00004C0014004D00140064BC000C3181B6886
:1011E00009045940C0239B021940034B9C466044AC
:1011F000016070470440014004500140064BC000AC
:10120000C3181B6809025940C0239B001940034BB7
:101210009C46604401607047044001400450014016
:10122000064BC000C3181B6809035940C0239B012B
:101230001940034B9C4660440160704704400140E4
:1012400004500140054B8000C3181B684B4001212E
:101250001940034B9C4660440160704704C0014044
:1012600004D00140064B8000C3181B68054A0901E1
:1012700059409446302360440B4003607047C04699
:1012800004C0014004D001400123D0228340120653
:1012900093629361094A83009A1811684022514071
:1012A00080320A400649C0008C4663441A60054BF0
:1012B0009C460523604443607047C04604C001401B
:1012C00004D00140004001408023DB051868000F76
:1012D0007047C0460FB400B5084883B004F0E2FA86
:1012E000049B002B07D005A91800019104F032F9E6
:1012F000034804F0D7FA012004F044F924B70010A1
:1013000034B70010EFF3108072B6034A1368002B55
:10131000FCD0BFF35F8F70472C0100D0BFF35F8F0D
:101320000022024B1A6080F3108870472C0100D015
:1013300070B5EFF3108C72B60D4D2B68002BFCD0FE
:10134000BFF35F8F0724CB08C618C05C01230C4095
:10135000A3401C000440034207D118433070BFF380
:101360005F8F2C608CF3108870BD1000FFF7B2FF08
:101370002C0100D0F8B54746CE46884680B5EFF33D
:10138000108C72B61C4D2C68002CFCD0BFF35F8F04
:101390009A4222D807210126894602E0013293426F
:1013A00018D34D4637001540AF40D4080119045DED
:1013B0002742F3D110003C430C70BFF35F8F002233
:1013C0000D4B1A608CF3108800280EDBC0BCB946A8
:1013D000B046F8BD01204042EFE7BFF35F8F002326
:1013E0002B608CF31088012040424346002BEDD047
:1013F0000898FFF76FFFC0462C0100D0044A107810
:10140000431CDBB2172B00D9102313707047C04662
:10141000D43B002010B5064B064C82B0010000936F
:1014200018221F232000FFF7A5FF02B010BDC04601
:1014300038B700102C5400200021044B044ABFF39D
:101440005F8F02C39342FAD17047C046000100D0BB
:10145000800100D0054B064A1360064A13605360B2
:101460009360D36013615361936170478080808083
:1014700000E400E004E400E01F2318401E3B83402A
:10148000002905D0C021044A490053501360704719
:10149000802201498B50FAE700E100E001228240FE
:1014A000034B1B6813405A1E9341D8B27047C04685
:1014B00000E100E070B50D00EFF3108672B60F4A40
:1014C0001368002BFCD0BFF35F8F0D4B10309B686F
:1014D00084001B590B4A934203D09D4201D001F076
:1014E00025FB074B9B681D51BFF35F8FBFF35F8FD9
:1014F0000022024B1A6086F3108870BD240100D0D0
:1015000000ED00E0C1010010F0B557464E46DE4642
:101510004546E0B585B0060000911700EFF3108B4B
:1015200072B66A4A1368002BFCD0BFF35F8F0025A8
:10153000674B5D579A46002D00DAA9E06B00654CB9
:1015400001935B199B009846A146C1444B46524605
:101550009B7910361370604BB6009B6899590B1B32
:101560002F2B33D95D4B994200D0ACE0019B424612
:101570009C465B4B6544AD0063535A4B0232A21844
:10158000043B9B1A1B05584A5B0D651913436B807E
:10159000564B0121AB80FF23AB71009BEF71AB6019
:1015A0004B460B4319004C4B9B689951BFF35F8F1F
:1015B000BFF35F8F0022454B1A608BF3108805B094
:1015C000F0BCBB46B246A946A046F0BD01200A00C9
:1015D0008243D3798C46BB4231D8454613004449F7
:1015E0001B1B5B415943090D3D4B63533D4B02357A
:1015F0006519043B5B1B1B053B4D5B0D2B43AA464A
:101600004D466B800425AC465546E044131F4444C8
:101610001B1B1B055B0D1D434B46997100999D805B
:1016200099604946DF71334B01431360BBE75800B3
:10163000C01880002018C179B9422FD902000623B2
:10164000D356002BF3DA02932B4B61460393131D01
:101650009A4604235B429C46E14450464B461B1A83
:101660001B055B0D9C46204B957198466346404692
:1016700003439380019B5A199200039BA418A380F3
:10168000029B1C4AA371009B2260E771A3608AE75A
:1016900001F04CFA002553465D574FE790880293BE
:1016A0004005131D9A46031561469C464046D444A6
:1016B000634604302018181AE0230005400D1B0271
:1016C00018430390C5E701F031FA4FE7240100D039
:1016D00028770020D83B002000ED00E0C101001079
:1016E00000A1FFFF083C002000E0FFFF01BDFFFF5D
:1016F000AAAA00000148804701BD000070B501247E
:101700000443EFF30581EFF3108C72B6214A13689E
:10171000002BFCD0BFF35F8F1F4B05001F4AED1A53
:101720006D416A43120D1E4D8900AE6852B2765863
:10173000A6421CD00621595691421CD0122159565E
:10174000914222D01E215956914220D02A21595629
:101750000324914210D0134B19781A708171BFF392
:101760005F8F00220B4B1A608CF3108870BDAB6842
:101770000D4C5C50EFE700246100091989005B18EB
:10178000FF21997109499980E5E70124F4E70224D2
:10179000F2E7C046240100D0D83B0020AAAA0000EE
:1017A00000ED00E028770020C101001001BDFFFF1F
:1017B000024B9C4661448900016070474000003440
:1017C00070B5114C114DAC420FD2FF262368002B8F
:1017D0000CD0FFF713FE01002000FFF7E9FFA68001
:1017E000BFF35F8F0834AC42F0D370BDFFF706FE45
:1017F00001002000FFF7DCFF2671BFF35F8F083484
:10180000AC42E3D3F1E7C046004200201042002082
:1018100010B50400FFF7F2FD01002000FFF7C8FF3C
:10182000FF232371BFF35F8F10BDC04610B50400C6
:101830000120FFF7EFFD034BC3189B002360BFF3AC
:101840005F8F10BD400000340A4B1968EFF3108021
:1018500072B60A68002AFCD0BFF35F8F1B68BFF323
:101860005F8F00221A6080F3108840BF00200021A3
:101870007047C046FC760020F0B5DE4657464E461F
:101880004546E0B587B0EFF30583032201251A40F2
:10189000954091008846A946B34B03925C58B34BE0
:1018A0001D60B34B04934B46B24843630823E55E87
:1018B000002D37DAA3881BB2002B00DBADE0A37943
:1018C000002B00D0EEE00823E05E002820DB430080
:1018D00062691B18DB00D3189E68DD68731C00D199
:1018E00011E1A44801004144826A0B69B71A9B1AAE
:1018F0009F4215D30123026A039883401A420FD0F6
:101900009C4800F037FC8D4202DCCCD18642CAD91B
:1019100040BF07B0F0BCBB46B246A946A046F0BDEA
:101920000E61EDE762696B0092465B19DB009A4439
:1019300053469E68DF6800F01DFC8F42BADC00D180
:1019400003E1002F00DAE8E05246534652691B6972
:101950009346049A934200D1D9E052460821605E32
:10196000528800045946104398470090019100990D
:10197000019A0B001000134300D1CEE013000A00BF
:10198000B61A9F41002806DB7A4800F0F3FB009E60
:10199000019F36184F4153469E60DF6000229A5ED9
:1019A000002A00DA86E7530099186069C9004118D7
:1019B00002938B68C9689B46B94200DD7AE702D181
:1019C000B34200D976E708239C46A44405956546B2
:1019D0002281A446029B2C0006E053009918C900FE
:1019E00041188D68C968AB469B18DB00C318B94223
:1019F00006DC00D1B3E01C000023E25E002AECDA32
:101A0000230064469C4653461A806346059D1D800C
:101A1000A3881BB2002B00DA51E72269EFF3108193
:101A200072B61368002BFCD0BFF35F8F0123A78829
:101A30005B42A3803FB22369BFF35F8F00221A602D
:101A400081F31088002F00DA39E7230008332200E1
:101A50009A4666697B00DB19DB00F31899685046EB
:101A60008C460824115FDD68002910DB029306E034
:101A7000AB4244D00023E15E2000002906DB4C008D
:101A80006418E4003419E368AB42F1DD029B07807F
:101A900000201F5E1980002FDCDA1400A379002BD0
:101AA00000D110E70023A37126000823E15E083669
:101AB0004B1C00D12CE70800A246656902E03E00FD
:101AC0004B1C1AD04B005B18DB00EF180A008C4649
:101AD000E95E7B881BB2002BF1DA01235B42DC1745
:101AE000BB60FC60824205D0534631801B893B803D
:101AF00053461A8160464B1CE4D15446E5E6A36880
:101B00006345B7D9C2E76B1C00D0EAE6F8E65B464E
:101B100058461B69984700281BD153461B882269E9
:101B20002381EFF3108372B611680029FCD0BFF354
:101B30005F8F514662880A8022696580BFF35F8F9C
:101B40000021116083F31088B4E6864200D8F8E6DD
:101B5000B0E65B461A685B680092019307E7B345FD
:101B600000D848E74CE7C046D07400203C700540E0
:101B7000791800100040054070B52E4C2569002DE5
:101B800004D00A212C48FFF713FE70BD2B4E032111
:101B9000300000F0E5FAE660FFF730FC284B032246
:101BA0009C46D02322701B061B6801216370254BC5
:101BB0006044A3600F23800020610220638063697A
:101BC0004942A18019800231198647311D8358523C
:101BD00018315A5275325C39995218320131995282
:101BE00018320131995218320131995208351832A0
:101BF0009D520231183299521832013199521832DD
:101C000001319952183201319952183201319952E9
:101C10001832013199520C4B0C49DC6001303562AD
:101C2000FFF748FC01210320FFF726FC084B1D604D
:101C3000A7E7C046203C0020FC760020004005407D
:101C400040000034FFFF1000D0740020791800100D
:101C500038600540F0B5C646060000B518200F00F4
:101C6000904601F0A7FF051E3FD01821404601F025
:101C7000BFFF39006861300000F072FAEE60FFF7D4
:101C8000BDFBD0222F70120612681A4B6A709C4658
:101C90000122434652429BB26B819B186B804346A4
:101CA0006044800028612A81AA80002B0BD05A0052
:101CB0006C694244D200104B12192380013318344E
:101CC0009BB29442F9D10124BC400C4BBA003800BD
:101CD0000B493462D550FFF7EDFB01213800FFF7C7
:101CE000CBFB084B9C4666443460280080BCB84659
:101CF000F0BDC04640000034FFFF0000D07400205B
:101D0000791800103820000070B501000469EFF365
:101D1000108C72B620680028FCD0BFF35F8F0220C1
:101D20000D5E4C6968004019C00024180869002D38
:101D300036DB26884E80BFF35F8F002606608CF36B
:101D40001088E36063880498013320615B04059880
:101D50005B0CA26060611A1C002B1FD093B2280498
:101D6000628018430A69EFF3108C72B61368002B77
:101D7000FCD0BFF35F8F8B8823808D800B69BFF30E
:101D80005F8F00221A608CF310880B7801329A4022
:101D9000CB6808498C4663441A6070BD0122DDE7B8
:101DA000BFF35F8F002303608CF310880120404253
:101DB000F3E7C0463C20000010B543890A14934263
:101DC0001ADD53009B184269DB00D3180469EFF356
:101DD000108C72B62268002AFCD0BFF35F8F5A883D
:101DE000090494B2090C8A4208D00369BFF35F8FDB
:101DF00000221A608CF31088002010BD802212028D
:101E000014435C80012302698371BFF35F8F00215B
:101E100011608CF31088044902788C469340C268A4
:101E2000012062441360E8E73C200000F0B5C6469C
:101E300000B582B0040000F0A5F9FA2206000F00F8
:101E4000200000230021920001F000FE801979415A
:101E500004000D1E02DA01242E4D6442062676424D
:101E6000F71736196F41AF4214D811D000F08AF934
:101E700032003B00121A8B41002B15DC002B46D0A0
:101E80002000290000F00AFA02B080BCB846F0BD7C
:101E9000A642EBD90026002700F074F932003B007F
:101EA000121A8B41002BE9DD00F06CF932003B0087
:101EB000121A8B41002B0ADB00230193164B3200D0
:101EC000009316483B00FFF71FFF0130D8D00023D6
:101ED0003900B0469C46124A1248536A994204D8C7
:101EE000966A4645CCD29942CAD10668EFF310876C
:101EF00072B63368002BFCD0BFF35F8F0368BFF36B
:101F00005F8F66461E6087F3108820BFE5E7002AD2
:101F1000B6D0C9E7FFFFFF7F49180010203C002022
:101F200000400540FC760020F0B557464E46DE46A0
:101F30004546E0B506000F0085B0EFF305839946EE
:101F40008B46002B12D0384900204B6ABB4206D387
:101F50008A6ADB1B591E8B41B2424041184305B0CF
:101F6000F0BCBB46B246A946A046F0BD2F4B9A46F0
:101F7000DB68984653461B784046039300F0FAF816
:101F80004246039B040004339B009B580D001B1A20
:101F900039003000001BA941894510DC0DD020BF5D
:101FA000214A0020536A5B45D9D3926ADB1B591E34
:101FB0008B41B24240411843D1E78342EFD900F050
:101FC000E1F832003B00121A8B41002B1ADB002390
:101FD0000193174B3200009350463B00FFF794FEED
:101FE000011E0FDD104B5A6A5A451BD39B6AB34240
:101FF00016D35046FFF7E0FE0B4A0020536A5B45BC
:10200000ADD3D2E7084A0020536A5B45A7D300202E
:10201000926ADB1BB24240415A1E934118439EE72D
:102020005A45E6D120BFE4E700400540203C0020AF
:1020300049180010F0B5CE464746110080B583B070
:1020400004009C460C9D194300D16CE06146DB17EF
:102050000193009353401E00019B4B401F000098CA
:102060000199361A8F4163460A996B600B9BAC60ED
:1020700029612A606B6100F085F880197941002997
:1020800002DA0120314940422269EFF3108972B629
:102090001368002BFCD0BFF35F8F0223E65E6369F9
:1020A00072009219D2009B1822699046002E42DBE2
:1020B0001A886280BFF35F8F002247463A6089F337
:1020C0001088234A9860D9601A615A885D6101328C
:1020D0005204520C111C002A2BD088B23204024345
:1020E00059802069EFF3108772B601680029FCD08F
:1020F000BFF35F8FA1881980A6802369BFF35F8F2C
:102100000021196087F31088124823788446013132
:1021100099400120E36863441960EA6003B0C0BCE1
:10212000B946B046F0BD00230126002701229C4697
:1021300099E70121D1E7BFF35F8F0023136089F393
:102140001088012200205242E7E7C046FFFFFF7FD0
:10215000791800103C2000000048704700400540FE
:1021600010B5024A0248FFF7E3F810BD54B700105B
:10217000305400200300416A0A00986A596A8A4272
:10218000FAD17047034B596A0A00986A596A91421A
:10219000FAD170470040054070B504000D00174AA1
:1021A000536A1900966A536A8B42FAD130001900BB
:1021B00024184D41AB4216D813D0104B2A005B6A4D
:1021C0009D4203D90D494B6A9342FCD3934207D1F8
:1021D0000A4A02E0516A994202D1916AA142F9D3B6
:1021E00070BDA642E9D9054B5B6A1C005A1CEFD0B2
:1021F000012201246442E5175242E3E70040054012
:10220000244B70B598420BD843011B1A224A9B00FD
:102210001818916AC000936A5B1A9842FBD870BD87
:10222000FA2200239200002101F010FC04000D00AE
:10223000194A536A1900966A536A8B42FAD13000E0
:10224000190024184D41AB4218D9134B5B6A1C008E
:102250005A1C0AD0012301246442E5175B420E494F
:102260004A6A9A42FCD39A42D9D10B4A02E0516A97
:102270009942D4D1916AA142F9D3D0E7AB4205D0BB
:10228000054A2B00526A9542E9D8ECE7A642F7D9F5
:10229000DBE7C0469BC4200000400540064A536A65
:1022A0009942FCD807D1044B02E05A6A914202D10C
:1022B0009A6A9042F9D8704700400540F8B504008A
:1022C00006200D0000F078F9002844D0374B38493B
:1022D000E3185A1E93418022120494465B429B0DE0
:1022E000344A9B0563441360334A136018000A683C
:1022F0009043FBD12D4B314AE31859424B41802189
:102300005B0049000620995200F056F92900C000F0
:1023100000F078FD0130C3091ED14027012262621E
:10232000A362266BF30722D4E36A254B0620E51847
:1023300000232B60266300F03FF93900800000F095
:1023400061FD7023E26A5A400E3313402B601D4B2F
:1023500023630323A364F8BD1B4A93421ED90023C1
:102360001A4A1B4F6262A362266BF307DCD5194B36
:10237000144AE3181A60656AA36A0620AD01ED18D5
:1023800000F01AF9144900F03DFDAD0201002800EB
:1023900000F038FD0021FFF7FFFEC5E74006800E84
:1023A0009F011A003F180300B9E7C0460080FCBF38
:1023B00008C0004000E0004000F000401877002016
:1023C0002C10000001030000FEFF0000FFFF0000D2
:1023D000C0FF3F00303000004E0E0000F8B5DE4672
:1023E0004E4657464546E0B58B4605000A9918000B
:1023F000160000F007FD0A9B6C001F02324B6419A7
:102400009C46A4006444636881469F4200D967608B
:102410002B1FDBB29846012B30D9C02380229B01B1
:10242000E31812011A60294BAD0059599A46002948
:102430001BD17301E026226853401E408023424690
:102440005B01E3181E60012A30D9802380229B01A2
:10245000E31812011A6053464A4667605A51F0BCAD
:10246000BB46B246A946A046F8BD586900F0CAFC72
:10247000013043001B18033BFDD2DAE75B46012B1A
:10248000CBD1C02303229B01E3181A60023AA36850
:102490001A42FCD07301E0262268AD0053401E4072
:1024A00080230A4A5B019246E3181E605A4621685F
:1024B000514003220A401A6001225B469A40A368F9
:1024C0001A42FCD0C1E7C0460080004038540020CA
:1024D000F0B546464F46D646C0B51F00344B4400C3
:1024E0009C462418A4006444636888461600FF2BA9
:1024F00002D880235B006360031FDBB29A46012B86
:1025000030D9C02380229B01E31812011A60294BA5
:1025100085005959994600291BD17301E02622688C
:1025200053401E40802352465B01E3181E60012A7F
:1025300030D9802380229B01E31812011A60802386
:102540005B0063604B465F51E0BCBA46B146A846AB
:10255000F0BD586900F056FC013043001B18033BE6
:10256000FDD2DAE74346012BCBD1C02303229B01E6
:10257000E3181A60023AA3681A42FCD07301E026FD
:102580002268850053401E4080230A4A5B01914621
:10259000E3181E6042462168514003220A401A6037
:1025A000012342469340A2681342FCD0C1E7C046D3
:1025B0000080004038540020014B8000C058704714
:1025C00038540020F0B54746CE4680B55B4B160028
:1025D0005A680700884683B0FF2A02D8802252003A
:1025E0005A600322564B554D1A600123AC682342B2
:1025F000FCD0202229685140C0320A4051490A606B
:102600002A684E4D5A40032313400B600223AC68E6
:102610002342FCD080224C4B12011A6080235B00C5
:102620006B604A4C99464A4B3A006361012143462C
:102630004848009600F0D8F941463800714300F050
:10264000E1FB454B05005A68FF2A01D84A465A600B
:102650008022424B12011A602169002907D060696B
:1026600000F0D0FB013043001B18033BFDD2E023F8
:10267000394A3B4811680B400360022311685940F6
:1026800001330B400421036093681942FCD0802180
:10269000344B090119608021334B4900516023619B
:1026A000264B5A68FF2A00D8596003220121244B87
:1026B0001A60224A93681942FCD0E0231068034054
:1026C00020480360126803234A40022113401B4A3A
:1026D000036093681942FCD080211B4B09011960EB
:1026E0008021224B4900516065615A68FF2A00D859
:1026F000596080221E4B12011A60A169002907D07F
:10270000606900F07FFB013043001B18033BFDD2E2
:10271000402316490A685A40A0331340154A1360F3
:102720008022154B12011A6080235B004B60084B1E
:10273000A36103B0C0BCB946B046F0BD3C800040C8
:102740003CB000403C9000403CA000403854002089
:10275000006CDC02008002403080004030B000405D
:102760003090004030A00040001BB700488000407F
:1027700048B000404890004048A00040F0B54E46A8
:10278000DE4657464546E0B51600924A85B0934668
:10279000A022520091465A4603969B46060001929B
:1027A0000291019B8C4A93420DD901235B429C46C6
:1027B0008A4AE1449446019B634401934B460F2BA4
:1027C000EFD100208EE01F00854B07249C46674414
:1027D0002300634338001900984600F013FBA2461B
:1027E000651E864250D06C433800210000F00AFB81
:1027F000864259D06B1E9846012D00D1D3E0534636
:10280000E41A2100380000F0FDFA864258D0AB1ED1
:102810009846022D00D1B9E05346E41A2100380051
:1028200000F0F0FA864264D0EB1E9846032D66D085
:102830005346E41A2100380000F0E4FA864200D141
:1028400072E02B1F9846042D00D174E05346E41A21
:102850002100380000F0D6FA864200D17DE0052D37
:1028600000D17FE053463800E11A00F0CBFA06248D
:102870008642ADD10029ABD1C8465B46D146012581
:102880000298039E26E0A8464146380000F0BAFAB6
:10289000002900D197E0651EA2466C433800210054
:1028A00000F0B0FA8642A5D12100380000F0AAFA63
:1028B00000299FD1C8465B46D1460298039E09E095
:1028C0000029A4D15246C2465B46C84655469146A9
:1028D0000298039E4246434951434A460160012003
:1028E00032601D6005B0F0BCBB46B246A946A046AA
:1028F000F0BD0029E6D0EB1E9846032D98D10921A2
:1029000038000324092500F07DFA8642BBD003235A
:10291000062138009A460334073D00F073FA8642D8
:10292000C2D0012398466AE70029CBD02B1F9846D6
:10293000042D00D08AE704240C353B099E42A2D026
:1029400004230C2138009A4608340D3D00F05AFA51
:102950008642A9D00223984651E70029B2D0052D1E
:1029600000D07FE719213800192500F04BFA864284
:1029700026D01421380000F045FA052314249A4685
:1029800086421BD0023B9846153D38E704230224BB
:102990009846BB089E4200D176E7A246013D7B08DF
:1029A0009E4200D180E7B74200D0FEE60122C84631
:1029B0005B46914601250298039E8BE7042573E749
:1029C000A846052460E7C8465B46A1462500029854
:1029D000039E7FE750262F0050F80C0020D1FFFF08
:1029E000B0710B00001BB700F8B5040021481E00B1
:1029F00017000D0000F006FA0100380000F002FA9E
:102A0000069B36041B031E432368002B20DB1A4B56
:102A10001A49E3185A1E93418022920194465B4260
:102A20001B0B174A1B0363441360164A13601F00F5
:102A30000A689743FBD1144B2560E2182123A0605C
:102A400013602368002BFCDA0823E6601360F8BDEE
:102A50003F2322681340AB42D9D1A3681B051B0D4D
:102A60008342D4D1EE22E368D2021340B342CED1E6
:102A7000EDE7C046001BB7000040FDBF08C00040A6
:102A800000E0004000F00040043000008023024AD3
:102A90009B000B43D362704700800540002310B5B4
:102AA0000100988A1B8B984710BDC046162310B5AD
:102AB0000100188802331B88984710BDF8B54746B7
:102AC000CE4680B50F1E18D0142399460433040057
:102AD0000025012698464B461888434621681B88E6
:102AE000984701C4431E984101350640AF42F2D1D8
:102AF0003000C0BCB946B046F8BD0126F8E7C04674
:102B0000AA23064A1B0113608D235B00D36004498E
:102B1000044B19605368002BFCDA704700400240F8
:102B200000B0FA00006002407047C04610B501488E
:102B3000FEF7D0FB78B7001070B5074D074EB542D1
:102B400009D20024013E761BB60808CD9847230021
:102B50000134B342F9D170BDE8B5001024B60010BD
:102B600070B5074D074EB54209D20024013E761BD1
:102B7000B60808CD984723000134B342F9D170BD9F
:102B80001CB6001024B60010054B064A06491A6010
:102B9000064A074B1A6010000B689843FBD1704738
:102BA00000E00040BFCDFBFE08C00040FE7F3C00BF
:102BB00000F00040044BDB6C002B03D18022034B60
:102BC000D2021A607047C046000011504C201150CC
:102BD000044A054B1A60054A1368DB018033FBD1B8
:102BE0007047C046FFFFFF0100F0004008C00040F2
:102BF0004022034B9A675A671A67DA667047C046E5
:102C000000F0014010B5FEF717FC10BDF8B52749DC
:102C1000274C284D641AA6103200302E00D93022DD
:102C20002800920001F014F8BC2C3BD830202F2350
:102C30002C196407204A801BE40F9B1B052B16D917
:102C40003700002C02D0B300771CEA50001B331968
:102C50009B004108EB18C900C9181A605A60083374
:102C60009942FAD1012303421CD09843C619B300FC
:102C7000EA50731C2F2E15D09B00EA50B31C2E2E49
:102C800010D09B00EA50F31C2D2E0BD09B00EA5075
:102C9000331D2C2E06D09B00EA50731D2B2E01D025
:102CA0009B00EA50054B9D60F8BDC0460001001036
:102CB000C001001000000020C101001000ED00E084
:102CC000002310B5294C82B0A367FFF719FF01223A
:102CD000274B1A60636C012BFCD10322254B1A6031
:102CE000224A936B012BFCD1013300930121224A2C
:102CF00022480433FFF778FE052301210093204A80
:102D00002048FFF771FE0022022104201E4BFFF72E
:102D1000DFFB0022012105201C4BFFF7D9FB00221D
:102D2000002107201A4BFFF7D3FB002200210820C7
:102D3000174BFFF7CDFB8023DB000093002200211F
:102D40000920134BFFF74AFB0022104B00210620FD
:102D5000FFF7BEFB0420FFF72FFC0E4900F052F8EE
:102D600001000020FFF792FE02B010BD008000407D
:102D70003CB0004030B00040002F68590080024055
:102D8000008C864700C00240001BB7004059730703
:102D9000006CDC0240420F0001480421014B18473F
:102DA000403C0020BD2A0010014B9B6818470000E2
:102DB000403C0020124A936F9B0815D29066D16662
:102DC000002905D0FFE7FFE7FFE7516F106F70475D
:102DD00004B580210906C2175140002800D0C8431D
:102DE00008F0AAFB002104BDF0B5146E556E576FB4
:102DF000166FFFF7E3FF1466556657671667F0BD59
:102E0000000000D0114A936F9B0813D210665166E0
:102E1000002905D0FFE7FFE7FFE7516F106F70470C
:102E200004B5002801D00020C04308F085FB002134
:102E300004BDC046F0B5146E556E576F166FFFF7A0
:102E4000E5FF1466556657671667F0BD000000D0B1
:102E500094464A4A926F9208624601D228E0C046E0
:102E6000F0B5464E346E756E776F366F00F020F811
:102E70009446424A14665566576716676246F0BD27
:102E800094463E4A926F9208624601D254E0C04690
:102E9000F0B53A4E346E756E776F366F00F04CF8C1
:102EA0009446364A14665566576716676246F0BD03
:102EB000002B24DB11D000293EDA00B5C943404283
:102EC00000D1013100F038F8C943404200D101314E
:102ED000DB43524200D1013300BD002AEBD1002870
:102EE00001D1002905D00020C90FC90701D1C04375
:102EF000410800B508F008FB0022002300BD00B522
:102F000000290ADBDB43524200D1013300F014F800
:102F1000C943404200D1013100BDC943404200D104
:102F20000131DB43524200D1013300F005F8DB43AD
:102F3000524200D1013300BD002923D1002B18D10A
:102F4000002A0CD0BC460D4F38667A66002100235B
:102F5000FFE7FFE7FFE77A6F386F674670470028A3
:102F600001D00748010000B508F0CEFA0022002386
:102F700000BD02000B00002000217047000000D0BF
:102F8000FFFFFFFF002B00D0BFE0130C28D1002A69
:102F9000E7D080B4114F39667A66FFE7FFE730B4B7
:102FA000040C7B6F396F1B0423433B667A66FFE793
:102FB000FFE7FFE7C04684B27B6F3D6F1B042343EE
:102FC0003B667A66FFE7FFE7C04600232C042D0C22
:102FD0007A6F386F00196941B0BC7047000000D0AB
:102FE000F0B594460025140E01D112020835140FD5
:102FF00001D112010435940F01D192000235D40F92
:1030000001D152000135D40B0134254F7C66254C8B
:103010003C660E0C93B2FFE7FFE7FFE73C6F6643A9
:10302000360C7703BE467343DF0B5B04C01AB9410D
:10303000130C7343DB18C91ACE086643360CB6442A
:1030400093B273431F0F1B01C01AB941130C734392
:103050001F0B1B05C01AB941860D8F023E43664304
:10306000360C092D24DB520A7243801A7703460A74
:103070006643360C16235B1BDE40DF40BF196446F7
:103080006643821B7046043506330100D940A840D0
:10309000C01900D30131A24206D20023F0BD0000C6
:1030A000000000D0FFFFFFFF121B0130F3D3F1E758
:1030B00009277F1BFE406446A2B27243801A00D2E9
:1030C0000139220C7243130C1204821A99410B002D
:1030D0007046043513370100F940A840801900D329
:1030E0000131002B02D1A2420AD2F0BD013000D33F
:1030F0000131121BFAD2013BF8D1A24200D2F0BD3D
:10310000013000D30131121BF7E7F0B51C0C00D0E1
:1031100080E00CB400251C0A04D11B02160E3343B8
:10312000120208351C0B04D11B01160F3343120188
:1031300004359C0B04D19B00960F3343920002355B
:10314000DC0B02D192185B4101351C0097186441D9
:103150000134464F7C66464C3C660E0CFFE7FFE7A9
:10316000FFE7C0463C6F6643360C7703BE4697B216
:103170007743C01B00D20139C01B00D201399FB276
:103180007743C91BC91B170C77437E04FF0B801BB9
:10319000B941CE086643360C0C2D33DBB644120B16
:1031A0001F053A431B0B97B27743C01B00D201396E
:1031B0009FB27743C91B170C77433E043F0C801B1B
:1031C000B941860D8F023E43664329277F1BFE408F
:1031D0000C3D7746AF40BF1930BCA2B2ABB27243D0
:1031E0007343801A9941220C7243130C1204801A03
:1031F000994102000B000137001BA941F9D2781E4A
:103200000021F0BD0C277F1BFE4077467F0BAF40AF
:10321000FF19E0E700245D1C07D0144F7D66396676
:10322000FFE7FFE7FFE7FFE73C6F95B29EB265431C
:103230006643401BB141150C1E0C654366433604C2
:103240002F0C3E432D04401BB141994204D2020091
:103250000B0020000021F0BD01D19042F7D3801A6D
:10326000994101349942F2D3F6E70000000000D002
:10327000FFFFFFFF48404140484018B41B4B5B68CC
:10328000FC46019308BD04DF1F35001018B4174B2E
:103290001B68FC46019308BD00DF293500109446E9
:1032A000134A926F920809D2624618B40F4BDB683A
:1032B000FC46019308BD0CDFE13700100C4AF0B565
:1032C000146E556E576F166F6246FFF7EEFF084A91
:1032D0001466556657671667F0BD18B4034B9B68B4
:1032E000FC46019308BD08DF853600101844002015
:1032F000000000D0FFB550404240504059404B4084
:10330000594000E0FFB5154F4C00640D03D0BC429E
:1033100004D10C0314D80020090D09055C00640DCC
:1033200003D0BC4204D11C030AD800221B0D1B058C
:1033300001264B4009D44B4003D58B4200D1824239
:10334000FFBD9942FCD19042FFBD0B43DB18034304
:103350001343F5D0C9434918FFBD0000FF07000023
:1033600000B5FFF7CFFF804100BDC04600B5FFF7B5
:10337000C9FF01D9002000BD012000BD00B5FFF745
:10338000B9FF01D9002000BD012000BD00B5FFF745
:10339000B1FF804100BD012040054A00121804D849
:1033A0005A00121801D80020704701207047000011
:1033B0000021002805D17047C1174840401AFAD0B3
:1033C000C90713B5064B1B6898470CBC441CA240A8
:1033D0001005120B0349091B09051943114310BDC0
:1033E000F87600201F04000010B54C00620D802309
:1033F000D218DB00D21A5B057E2A10DD9E3A13DA62
:10340000CC170903490819435242D14064000134E2
:103410001532202A05DAD0400843604310BD002051
:1034200010BD0846604310BDC80FC018013810BD5C
:1034300018B4044B5B6AFC46019308BD24DF913944
:103440000010000018440020132370B51D78012DD2
:1034500019D014DD1F48FFF729FB06001E48FFF7AF
:1034600025FB1E4C80223100200000F0F1FB022DD4
:103470002DD01B48FFF712FB1A4B186070BD1A4B7A
:10348000164CA364F5E7184B144C23606360A360EB
:10349000E36023616361A361E36123626362A3620A
:1034A000E36223636363A363E36323646364A364EA
:1034B000E36423656365A365E36523666366A366CA
:1034C000E36623676367A367E367A364D1E7064BFB
:1034D000A364CEE753440000534600001844002084
:1034E0004C330000F8760020ED34001007B560463C
:1034F00001880A0A0230DF2AFAD1C9B2820804D34D
:10350000028840880004104300E00068014A5050DF
:10351000039007BD184400200FB403BC0CBCF0B5E9
:103520000124E407634000E0F0B50C0DCF0F661EE8
:103530003605891B640503D3C943404200D30131DA
:10354000640D03D0661CF60A07D0E41B00207F0040
:10355000791C89078912803C24031D0DDF0F6E1E24
:1035600036059B1B6D0503D3DB43524200D3013369
:103570006D0D03D06E1CF60A07D0ED1B00227F00F4
:103580007B1C9B079B12803D2D032F1B661B58D471
:10359000A446202E46DA20371400BC401D00BD4052
:1035A000F24033412A4380185941CB0F05D0C9431B
:1035B000C043002264425041514162464D0D28D122
:1035C0000D0D07D100281FD0241940414941013A6F
:1035D0000D0DF9D0640006D3013000D30131002C69
:1035E00001D140084000013A0BD4941CE40A04D1F4
:1035F00012051144DB071944F0BDD907204B1943CC
:1036000000E0D9070020F0BD0029DDD1002CDBD17E
:10361000F0BD0132C6074008CD0728434908002EF7
:10362000E1D0D9E73C2E29DA203E40371400BC40D7
:1036300000D00124F24014431A00BB401C43D317AE
:10364000ACE7AC46202F08DA20360400B4400D0069
:10365000B540F84039412843A5E73C2F0CDA203F1C
:1036600040360400B44000D00124F8400443080070
:10367000B1400C43C117EAE710001900002494E799
:103680000000F07FF0B50C0D661E3605891BE60ABA
:103690006405640D02D0651CED0A04D000200121F0
:1036A0000905803C2403A4461C0D671E3F05DB1B57
:1036B000E70A6405640D02D0651CED0A04D00022FF
:1036C00001231B05803C24037740644497B484B2F3
:1036D00096B27443070C7E43150C6F4380B2684367
:1036E000361802D3012000043F183004350C0019AD
:1036F0007D41844688B29AB250430C0C62431F0C41
:103700007C438EB27E43921902D301263604A4195B
:103710001604170C3618674101BC81B29AB25143A6
:10372000040C62431B0C5C4380B25843121802D352
:103730000120000424181004130C401863412D18B4
:103740005E410020474106BC88B293B258430C0C3E
:103750006343120C544389B251435B1802D30121D5
:103760000904641819041A0C091862416D185641AD
:103770000020474118BCF902720D1143F0026A0D96
:103780001043ED020A0D03D16D1940414941013B3F
:10379000124E9B1B7600B3420ED26D0007D3013050
:1037A000002671416646354301D1400840001B05A3
:1037B000C918E4072144F0BD0BDA013306D101300A
:1037C00004D101314F0D01D04908F2E7E107002093
:1037D000F0BD013631050020EBE70000FF030000DB
:1037E000F0B51C0D671E3F05DB1BE70A6405640D81
:1037F00002D0661CF60A04D0002201231B05803C7F
:103800002403D0252D060026F6432E661E096E667B
:10381000CE0FF619B44649004F0D02D07E1CF60AB1
:1038200003D000200021403F3F033E1BB600B444BC
:10383000013F7F05C91B49082E6F013676089C029F
:10384000950D25437543ED137543AD1301356D108B
:10385000F603761B0CB4CC02450D2C43A2B2B3B2D6
:103860005A43270C7B43350C6F43A4B26C431B199E
:1038700002D3012424043F191C041D0CA4187D410B
:1038800024196D41009A91B2ACB26143170C7C438C
:103890002B0C5F4392B25A43A41802D301221204A4
:1038A000BF182204230C52187B41019C6C431B1946
:1038B000520ED9010A434401A01A81B2B2B2514357
:1038C00003145A43360C734387B27743D617D21981
:1038D00000277E4136049B191704160C7F185E41A1
:1038E0007316ED18F301002680337541A90F06D138
:1038F0006400690AE8055B0A184309D22FE0042234
:10390000944480337541A90AA8059B0A184326D31D
:10391000404149412404009A019B0D005543641B1A
:103920004343E41A95B286B27543170C7E43030CE9
:103930005F4392B25A43B61802D301221204BF1851
:103940003204330C52197B4152429C41002C02D468
:103950000022013051414008CA071043490802B013
:103960006246D7079210084BD218084B9A4203D2EE
:1039700012058918C919F0BD0020002A01DC3900A0
:10398000F0BD01331905F5E7FD030000FE07000057
:10399000002200B5203200F004F8080000BD00004D
:1039A00000220B150AD410B5944600F031F8141417
:1039B000013400DA0021CB17144C204700200021ED
:1039C00070476244343A0CD40C2A07DA0400914060
:1039D000904052422032D440214310BDD843D943B5
:1039E00010BD203207D40C4694405242203211417F
:1039F000D040204310BD0800C917203203D45242E2
:103A00002032104110BD1800190010BDC33900103C
:103A10000A0DCC0F531E1B05C91A520503D3C94307
:103A2000404200D30131520D03D0531CDB0A07D0B2
:103A3000121B00206400611C89078912803A12035E
:103A4000014BD21A70470000FF030000514343436B
:103A5000C9188C46110C83B24B4310B4040C61435B
:103A600092B280B2504362431C041B0C001910BC7C
:103A700059411304120CC0185141614470470000B1
:103A80004840414048400E4B5B6818470C4B1B6850
:103A900018470C4A936F9B0802D2094BDB68184702
:103AA000F0B5146E556E576F166FFFF7F6FF054AA7
:103AB0001466556657671667F0BD014B9B6818473B
:103AC00018450020000000D0491A002808D10846F7
:103AD00070470000C10FC90700D54042002817D029
:103AE000F44603B40B4B1B68984706BC81409E38D4
:103AF0004042803107D20B0607D04900490AC00571
:103B00001043084360470130F8E7490A8902F5E7A6
:103B100070470000F8760020014B5B6A18470000F0
:103B200018450020132310B512481C78FEF7BEFF7D
:103B30000100012C0AD003DD80220F4800F088F834
:103B40000E48FEF7ABFF0E4B186010BD0A4C542216
:103B5000200000F07DF80B4B6365A365E3652366E9
:103B60006366A366E36623676367A367E36723620D
:103B7000E361E5E753460000184500204C330000A0
:103B8000F8760020893B001007B5604601880A0AD4
:103B90000230DF2AFAD1C9B2820804D302884088F1
:103BA0000004104300E00068014A5050039007BD34
:103BB0001845002070B504000A4E300007F00CFDD7
:103BC000200006F07BFF0500300007F095FC002D7B
:103BD00005D0054B2C199C4201D8280070BD034824
:103BE000FDF778FB004200200000042084B700109D
:103BF000F8B506000C000C4F380007F0EDFC210072
:103C0000300006F0FBFE0500380007F075FC744339
:103C1000002D05D0054B2C199C4201D82800F8BD79
:103C20000348FDF757FBC046004200200000042077
:103C300084B7001001480421014B1847503C002074
:103C4000BD2A0010014B1B6818470000503C0020A3
:103C5000014B5B6818470000503C00209A4200D29C
:103C6000885470477047C046F8B55746DE464E4602
:103C70004546E0B599460A9B07009A460D9B884643
:103C800093460B9C9B073BD10C9B9C423DD21E1B39
:103C90000B9415000C005E442A004B4601352100B0
:103CA0002020B847B542F7D1A0460B9C002C20D06D
:103CB000454636195346321B013C185D29004B46D8
:103CC000B847002CF6D12B00350098460D9B9B077A
:103CD0000FD55B46EC1A0C9BA3420AD94646984680
:103CE0002A004B46310020200134B84701354445B5
:103CF000F6D32800F0BCBB46B246A946A046F8BDA4
:103D000016001500002CD3D1E0E716001500002C9A
:103D1000CED1EEE7F0B54546DE4657464E46E0B515
:103D200085B09C4610AB1B78149F934698460F9C19
:103D3000129E139DBB074CD4002D42D1B44248D2F1
:103D400001233B4099460E9B013B9A46302304E0F9
:103D5000524601341355A64201D9202CF8D14B46C6
:103D6000002B00D183E00E9B013B99463023A542F6
:103D700005D82EE04A4601341355AC4229D0202CF8
:103D8000F8D1FB060CD57B0554D4A64263D0A542DE
:103D900061D0119B102B50D0022B57D0202C32D148
:103DA000202301930E9B5A46009303976346029586
:103DB000FFF75AFF05B0F0BCBB46B246A946A04685
:103DC000F0BD01233B40994601233B422AD1B44236
:103DD000B9D3FB061CD57B05DBD4002CD5D1119BB8
:103DE000102B5BD0119B022B6BD0302301240E9A39
:103DF00013704346002B10D17B073ED52B260E9A1D
:103E0000631C1655CDE72300013430260E9AD65494
:103E1000202CC5D04346002BEED02D260E9A631CD5
:103E20001655BEE74346002B2FD0013DB44200D2C9
:103E300089E798E7119B102BB2D1BB0637D5202C10
:103E4000AED058230E9A13550134A7E7202CA7D0E3
:103E50002300013407E0631E012CC0D0119A102A00
:103E600031D0022AD1D162260E9AD65496E7FB06AB
:103E7000CED57B0500D488E78BE723003E0790D59D
:103E800020260E9A013316558BE70C233B405A1E11
:103E90009341ED1AB44200D255E764E7BB060ED455
:103EA00078230E9A0224137030235370A1E7202C3C
:103EB00000D175E778230E9A135501346EE7582325
:103EC000EFE76033EDE70E9AA61E91464E44BA0620
:103ED00002D55822327098E77822327095E7C046B2
:103EE00010B5002800D110BD01F092FCFBE7C046E0
:103EF0000B0010B5002802D049681B68984710BD18
:103F0000F0B55746DE464E464546E0B595B0834689
:103F10000F00924698461E9A1F9B10001900209E83
:103F2000FFF739FA002800D0EAE11E981F99012214
:103F3000C54B5242FFF714FA002800D014E11E9836
:103F40001F990122C14B5242FFF720FA002800D0EE
:103F5000E9E01E981F990022BD4BFFF717FA0028D1
:103F600000D0C8E01E981F990022BA4BFFF7F8F95D
:103F7000002800D0BFE01E981F9900220023FFF701
:103F8000EFF9002800D0E4E000230B93229B5B05AF
:103F900000D406260024302307E0172106AA0134A6
:103FA00052181355013E202C01D0092EF5D81E9829
:103FB0001F99FFF719FAA84BF2009B181A685B6863
:103FC000050008920993FFF7F7F902000B001E980D
:103FD0001F99FFF752F9089A099BFFF77EF906909F
:103FE0000791FFF725FA8146FFF7E2F902000B007F
:103FF00006980799FFF741F90022984B0690079120
:10400000FFF7C4F9002800D10DE101239C46E144EB
:104010004846FFF7CDF902000B0008980999FFF711
:10402000A5F9002802D0002399460135002E00D1C1
:10403000D9E006954D46B94614E006AA94461723E2
:104040000A216344280001341F19FEF7DBFE3031DA
:10405000397028000A21013EFEF7D4FE092D00D850
:1040600017E10500202CE8D14F46069D20240CAE18
:1040700006AA17239446634499465B46B3460693C3
:104080000FE04B4628000A210134E618FEF792FEA5
:104090003031280031700A21FEF78CFE051E00D158
:1040A000E4E0202CEDD1069B5E469B460323229A3A
:1040B0001340012B18D1219B002B15D00B9B002BFB
:1040C00000D1FDE0219B013B2193202B0CD9302313
:1040D000219A07E0172006A9013409180B559442CC
:1040E00000D3CCE0202CF5D1229B01940393219B9B
:1040F0000096029322E0229B52460493219B3900B2
:10410000039358461E9B1F9C0296009301944346BE
:1041100000F04AF90400200015B0F0BCBB46B246DE
:10412000A946A046F0BD229B5B070FD403224C4B4F
:10413000229901920391219900930291434652469C
:1041400039005846FFF790FD0400E4E70422454B90
:10415000EEE71E9A1F9B00200021FFF78EF8012337
:104160001E901F910B9311E7229B54469B0711D180
:10417000219B042B0ED9219B55469C465E46043C50
:1041800064442A004346013539002020B047A54247
:10419000F7D1B346344D26002B1F99465B46A34604
:1041A0001C003200E87843463900013DA047013643
:1041B0004D45F6D123005C469B46229B04349B0769
:1041C000A9D55346219AE31A9A42A4D95E4615000E
:1041D0002200434639002020B04753460134E31AF9
:1041E0009D42F5D897E72800FFF7E6F802000B009C
:1041F0001E981F99FFF741F80022184B069007916F
:10420000FFF7AEF80CAE002800D031E7069807990A
:104210000022124BFFF7BAF8002800D028E701234C
:1042200001359D4324E70022069807990B4BFFF7C1
:1042300097F8002800D0F9E64B46002B5CD101230B
:104240009C46E144F2E6C046FFFFEFFFFFFFEF7F31
:1042500065CDCD4165CDCDC100BC00100000E03F73
:10426000E0B70010D8B70010E8B70010069B5E4614
:104270009B460323229A1340012B00D181E0202C7E
:1042800000D131E70B9B002B27D02D233355013470
:104290002AE74F46069D202C00D1E7E6302233194D
:1042A00007E0172006A9013409180A55202C00D16F
:1042B000DCE6A342F5D12E220CAE0134F254D7E64F
:1042C0000C23229A134257D0219B013B2193A342F6
:1042D00000D9FCE6202C00D106E7229B5B0703D522
:1042E0002B2333550134FFE6229B1B0700D4FBE64A
:1042F000202333550134F7E6DB0700D496E69EE72A
:10430000229B55469B0711D1219B032B0ED9219B44
:1043100054469C465E46033D6544220043460134B4
:1043200039002020B047AC42F7D1B346B9465F46CA
:104330001C4EEC1C2A00B078434649460135B8476C
:10434000013EAC42F6D1229BBB464F469B0700D4B0
:10435000E1E65346219AE31A9A4200D8DBE65E462C
:1043600015002200434639002020B047534601344F
:10437000E31AAB42F5D3CEE6219BA34200D9A6E6D1
:10438000B2E6219B002B00D179E70B9B002B97D045
:10439000219B013B21939C4200D298E6202C00D027
:1043A00073E7A1E6E4B70010F0B5DE4657464E4687
:1043B0004546E0B599B081468B4692469846229A8A
:1043C000239B10001900FEF7E6FF002800D0CAE08A
:1043D000229823990122824B5242FEF7D7FF0028F0
:1043E00000D0C0E02298239901227E4B5242FEF772
:1043F000B7FF002800D0B6E02298239900220023BE
:10440000FEF7AEFF002800D0C9E1229B239C089351
:104410000994089809998023269ADB001A400D9286
:104420008022269C1201144022000B94269C070037
:104430000E001C4200D0ADE00B00034300D0D5E0DD
:10444000002A00D00AE222000633249302231340FC
:104450000C930223134200D002E2259B042B00D2CE
:104460000FE2043B0B93002304250A9300222298B9
:1044700023990023FEF774FF002800D003E25A4B73
:10448000269A134004930B9B0393249B0293089B4F
:10449000099C009301945946434652464846FFF70B
:1044A0002FFD02002020269B1F27034059424B412D
:1044B0005B421840531C0893594643464530C84751
:1044C0000A9AD317D4185C40D30F0A936B1E0B9330
:1044D00008AB9C460025674401E0202D0FD020004A
:1044E0000A21FEF78FFC01357E1930313170200032
:1044F0000A21FEF787FC26000400092EEDD80523CB
:1045000006930B9B59460593002304930A330393A8
:104510000A9B4846029310AB0093089A43460195C4
:10452000FFF7F8FB0C9B002B2DD05346C41A259B9C
:10453000A34228D94D465F4681461E0053463900A6
:104540001A19202043460134A847A642F6D85346FC
:1045500048462599C21A01320023914200D386E1D0
:10456000013018180FE0269B0493259B0393249B8E
:104570000293229B239C0093019443465246594642
:104580004846FFF7BDFC19B0F0BCBB46B246A94691
:10459000A046F0BD01432BD10B9B2200002B00D184
:1045A00054E700230A93249B0A9A0024934200DDD7
:1045B00085E12298239900220023FEF7D1FE0028EE
:1045C00000D035E1269B084A02941A408023DB0084
:1045D00013430493259B0393089B099CCBE7C04698
:1045E000FFFFEF7FFFFFEFFFFFF7FFFF062324939F
:1045F000B44B70009C46400D6044FEF7DDFEB24AAD
:10460000B24BFEF76AFEB24AB24BFEF73FFE3603EC
:10461000B14B360B334304000D0038001900002263
:10462000AE4BFEF72AFEAE4AAE4BFEF756FE020038
:104630000B0020002900FEF729FEFEF7D5FE0A90A8
:10464000FEF7BAFEA84AA94B04000D00FEF745FE8E
:104650000022A74BFEF71AFEFEF7C6FEA54A06008B
:10466000A54B20002900FEF738FE040030000D00A5
:104670000C96FEF7A1FEA14AA14BFEF72EFE02000A
:104680000B0020002900FEF7F8FD02000B000600D9
:104690000F00FEF722FE320004000D003B00300048
:1046A0003900FEF7F3FD00220E900F91954B20008C
:1046B0002900FEF7F4FD0022934BFEF7E7FD020010
:1046C0000B0020002900FEF7EAFD00228F4BFEF7C9
:1046D000DDFD02000B0020002900FEF7E0FD0D00CB
:1046E0008021040032003B000020C905FEF7C5FD13
:1046F00002000B0020002900FEF7C8FD02000B009D
:104700000E980F99FEF7CBFD0022734BFEF7BEFD0E
:104710007F4B0C9C9C46644400222305FEF7DDFD84
:1047200006000F0002000B0008980999FEF718FE1A
:1047300000280AD00A9B3000013B39000A9300226E
:10474000714BFEF7ACFD06000F000A9A330063328E
:104750003900C62A12D802222698042510400B9A46
:104760000C90002A25D1259B042B05D9002800D0C8
:10477000A1E0259B043B0B93042541E002222698EF
:1047800010400B9A0C90002A12D1259B052B76D94C
:10479000002872D1259B0525053B0B9334E0802230
:1047A00012069446229B0893239B6344099330E6A8
:1047B00005250B4300D1F6E608980999554A564B52
:1047C000FEF7DCFD002808D0089809990022534B19
:1047D000FEF7C6FD002800D0E5E6249B002B1CD088
:1047E0000D9B002B19D0249B013B2493259BAB42AE
:1047F00004D90C9B002B5AD002230C9300230B935B
:104800000A9B002B00D131E60898099932003B0041
:10481000FEF745FD0890099128E6259BAB42EDD9AE
:104820000C9B002B43D000230B9302330C93E7E740
:104830008020269B3A4A00061A4080238446029430
:10484000089C099D2900DB0013430493259B6144C8
:10485000220003930B00009201938EE60524A8E644
:1048600000230B930A93023304250C93FEE5534671
:104870008C46013B63441B1A72E602230C93052508
:10488000C2E70423EDE58020089E099F0006390059
:104890008446269A224B6144134004930B9B3200BA
:1048A0000393249B02930B0000920193F3E5259B55
:1048B0005B1B0B93A4E7022304250C93A0E79C1A2F
:1048C000013C76E601FCFFFFFB799F501344D33F88
:1048D000B3C8608B288AC63F0000F03F0000F83F55
:1048E00061436F63A787D23F71A379094F930A4051
:1048F0000000E03F1655B5BBB16B0240EF39FAFE40
:10490000422EE63F00002C400000244000001840EA
:10491000FF0300002D431CEBE2361A3F80842E413A
:10492000FFF7FFFFF0B5DE4657464E464546E0B579
:10493000A5B01E002E9B92460C93CD4ACD4B8046CF
:104940008B461A60002900D1EAE1002330789946AD
:10495000002800D1ECE1C84B4C460B93C74B4546B1
:1049600057460E930AE0631C984622003B005946C6
:10497000A84744463078002800D187E00136252832
:10498000F1D108239A46043B9946023B9846013BE5
:1049900000229C460D943078711C0300203BDBB252
:1049A000102B03D80B9C9B00E3589F460300303B21
:1049B00089460D9C092B3AD9002398462A2800D114
:1049C000C1E000239A462E284BD00300683BDBB29F
:1049D000122B1ED80E999B00CB589F4663460E00A3
:1049E0001A43D8E743460E001A43D4E74B460E005D
:1049F0001A43D0E710230E001A43CCE753460E00AB
:104A00001A43C8E780235B001A43FF3B9C4670783B
:104A1000E1444E4667284FD82428A4D90300253BFB
:104A2000DBB2422B9FD896499B00CB589F46002370
:104A300094461E0000E00131B3009B195B001E1874
:104A40000878303E0300303B092BF4D9012362463D
:104A500089469C460023B0469A460E00E1442E2823
:104A6000B3D13021802049428C46C0000243707887
:104A70004B4684446146092900D86CE12A2800D1BC
:104A80007AE101239C464E46E1449EE7A146A846B2
:104A9000BA46CA4503D801235B425344994653465C
:104AA0004A4659460020C047200025B0F0BCBB460E
:104AB000B246A946A046F0BD0300693BDBB20D93A8
:104AC0000F2B00D94FE7012199408C466D4989464B
:104AD00061464B4619400F91634649460B4200D050
:104AE00028E10D9B0A2B3AD0072B00D03BE70C9B0B
:104AF000190008C98846002B00D14BE12120024350
:104B0000914614A98C461F220F2162448C465146BF
:104B10000D950C91A24615000F9902E020290CD0AA
:104B2000130064461C4020003730092C00D8073899
:104B3000013168541A090F2BF0D80C9B54460D9D77
:104B40009A460F9133E10C9B02CB8846002947DB44
:104B50000C9301239C4670784E46E14431E70C9B50
:104B600002CB14935346002B00D138E19C460878C1
:104B70000B000C908C44002801D100F098FC894671
:104B80006146944603E05A780133002A01D08B42F3
:104B9000F9D1494662465B1A0C900F93530500D534
:104BA00020E10223180010400D90134200D1CBE306
:104BB0000D930B1BB1469A465E460C9822003B00B3
:104BC0003100A84753460134185D0028F6D1B3469A
:104BD0004E460D9B002B00D0C7E1149B0C93C9E6F9
:104BE0000C9301239C46283849420243884670783A
:104BF0004E46E144E5E670786C2800D17FE18023E1
:104C00005B001A43FF3B9C46E14402E780239B0084
:104C10001A4301239C467078E144FAE670786828CC
:104C200000D173E180231A437F3B9C46E144F0E6C8
:104C3000672800D103E1472800D15AE1452800D177
:104C40005AE10492072142460C9B039207335246D5
:104C50008B43190002920CC92800009201930C9119
:104C600022003B005946FFF79FFB040082E6C04646
:104C7000254900109858002060BA0010A4BA00100E
:104C8000F0BA001041900000462800D1DBE0049209
:104C9000072142460C9B0392073352468B4319006F
:104CA00002920CC92800009201930C9122003B0053
:104CB0005946FFF725F904005CE6631C984622007C
:104CC0003B0059462520A847444653E60C9B043335
:104CD0000D93631C9946920700D422E10C9B22009D
:104CE000187859463B00A84743464444012B00D856
:104CF00085E23300B8462E005F4625004C469946B3
:104D000022004346013439002020B047AC42F7D19D
:104D10002C00BB46350047464E460D9B0C9329E6BA
:104D2000DB4B3078984600239946002800D012E6E5
:104D30000024AEE66F2800D188E000D80BE31023F2
:104D4000782800D1CFE09A430A239C4600230F9392
:104D50000A330D9380E05646B100891949000133AA
:104D60000E181878303E010030390929F4D9B246BE
:104D70001E000133994628E60C9B023602CB8A4678
:104D8000C9435046C917084082460C933078731CBB
:104D900099461AE6102310009843113318438146B0
:104DA00080201300C0000340024200D1A9E64B4618
:104DB000069308230593534604931023039300237B
:104DC00002930F9B220001931CAB009359463B00BA
:104DD0002800FEF79FFF434604000C93CAE5012319
:104DE0005B42C3E60F9B534501D953460F93022301
:104DF000180010400D90134200D1B7E10D93D14639
:104E00000B1B9A463300A1442E0022004D460C98FD
:104E1000B9465F469B4608E04B463900541CB047F4
:104E20005346185D002877D022009542F4D15B46A6
:104E3000BB464F46A94635004C461E00C9E68023B6
:104E40001B011A43FDE620231A4320E708239C4652
:104E500000230F9308330D9380231100DB001940CA
:104E60001A4200D116E10D239A431000802302005C
:104E70009B001A401492184200D0C2E18023020025
:104E80005B001A4091460C9A04320F92184200D0EF
:104E9000B7E2430600D59FE1030600D419E30C9B5B
:104EA0001B880993002B00D0FCE1103398430029A4
:104EB00000D1F7E1002399464346059353460493F6
:104EC0000D9B069003930023D2E0582808D0622857
:104ED00067D102239C4600230F9302330D93BBE757
:104EE00020231A43103B9C4600230F9310330D934D
:104EF000B2E780231B011A4320231A43A1E6C023F3
:104F00009B001A43F31C9946B07882E5C0231A43EC
:104F1000F31C9946B0787CE535005E46BB464F46AB
:104F200057E64346012B00D863E1631E43449A468B
:104F30003300B9462E005F4655469B46A2462200E6
:104F40004B46013439002020B047AC42F7D1350040
:104F50005E46BB464F46A14654460C9B4A461878CF
:104F600059463B004444A847D7E6A1460F9B9845C5
:104F700000D832E64444E41A3300B8462E005F46B7
:104F800025004C4699462200434601343900202032
:104F9000B047AC42F7D12C00BB46350047464E46E1
:104FA0001BE680231000DB0018401A4200D10FE1FD
:104FB000112118008A430D920D9A802311009B0045
:104FC00019408C461A4269D1802311005B001940B8
:104FD00089460C9904310F911A4200D0CAE113009E
:104FE0005B0600D5F0E013001B0600D459E20C9BD1
:104FF00000229B5ED9175A184A4092B2D90F0C91E1
:10500000002B00D1F9E1100014AA944642461F2358
:10501000149252466344A84616944D460400B9467D
:10502000B2461F00159201E0202D0FD020000A216A
:10503000FDF7E8FE01357E193031317020000A217C
:10504000FDF7E0FE26000400092EEDD8149B4F4624
:10505000A94645469846159B56469A46169C0D9B72
:10506000069343460593534604930A2303930C9BEC
:1050700002934B4601931CAB2200009359463B0020
:105080002800FEF747FE0F9B04000C9372E4C04615
:10509000653C00100C239A431000E7E607220C9BA6
:1050A00007339343013294469C4462460C920CCBE6
:1050B000D90F0F911100194300D191E0D917139125
:1050C00012915140109113995940119110981199D2
:1050D000129A139B801A99411090119114AA0023DF
:1050E000944642469946149252461F336344A8465A
:1050F000B24616944E46109C119DB94615921F005B
:1051000001E0202E10D0200029000A220023FDF704
:10511000B7FE013630322B00BA550D0022000400D4
:10512000002BEED1092AECD8149B1094119545461A
:105130009846159B4F46B14656469A46169C0D9B7F
:10514000069343460593534604930A2303930F9B08
:1051500002934B4601931CAB2200009359463B003F
:105160002800FEF7D7FD0400FFF704FC0F9B9845CD
:1051700000D8C1E18023DB000D9343460F9A1B1931
:105180009B1A994633002E004D46B9465F469B4612
:105190000C9122004B46013439002020B047AC422C
:1051A000F7D143460C9901330F930B7835000C93DC
:1051B0005E46BB464F46002B00D10EE50D9B002BF3
:1051C00000D1F6E4002319E60C9B1B781A0015E7C2
:1051D00010239A430D92EFE60C9B1B78099361E62E
:1051E000002399460028AAD100220023109211938F
:1051F00074E70C9B2200187859463B00A8474C46A0
:105200008BE50C9AFA3BFF3B07329A4301339946F0
:1052100091444B460C931368526815921A4306D179
:105220001032904300220992002900D081E06122CF
:10523000810600D54122D2B20A9214AA91460A9A56
:1052400000210A3A149242461792524618925A4640
:105250000991B3461F311E000F9B4944BA46199469
:105260001A950024674698468946159D16901B920C
:105270000AE03032D2B24B4601341A55A8454AD022
:10528000202C4AD006000D003A00002330002900EF
:10529000FDF7F6FDD2B2092AEBD9149B9C46624475
:1052A000D2B2E8E76123820600D54123DBB20A3B94
:1052B0000C93434614A91F228C461593534662440F
:1052C000A046B2464C461797A9461700099D0D9E69
:1052D0001490169308E03033DBB201343B55B542ED
:1052E0000ED3202C0CD0050031002800FDF78AFDDC
:1052F000CBB20929EFD90C9A94466344DBB2ECE7B0
:10530000159B4D46A14644469846169B5646149812
:105310009A46179FD0E5B742B2D9179B5746984691
:10532000189B5E469A461B9B09949B461698199CAF
:105330001A9D43460593534604930D9B0690039391
:1053400000230293099B05E70F9B984500D914E7BA
:1053500001330F932DE41023110099430D91692817
:1053600000D0BAE080231000DB0018401A4200D1C0
:1053700022E61DE60C9B1B68DA0F1100002B00D102
:105380008CE0DA179818504014AA914642461F2321
:10539000149252464B44A046A9461697040065460F
:1053A000B2461F000C91159201E0202D0FD0200075
:1053B0000A21FDF727FD01357E19303131702000BB
:1053C0000A21FDF71FFD26000400092EEDD8149BCD
:1053D000444698460C9BAC461900159B56464D46D4
:1053E0009A46169F0D9B029106934346059353469A
:1053F00004930A23039363463CE6002800D02EE67C
:1054000002E60C9B1B689946002B03D1103398438E
:10541000002938D16123820600D54123DBB20A3B43
:105420000C9343461693534614A91F228C46179398
:105430002B006244A0464D46B24618979946170085
:10544000149C0D9E159008E03033DBB201343B55BF
:10545000B5420ED3202C0CD0050031002800FDF7FA
:10546000D1FCCBB20929EFD90C9A94466344DBB244
:10547000ECE7169B149444469846179B56464D46B7
:105480009A461598189F43460593534604930D9BDF
:105490000690039300230293149BEBE50028A1D10F
:1054A00072E70C9B1B68D9175A184A40A6E580235F
:1054B0001000DB0018409C460F901A420FD00220CB
:1054C000030013400F93104219D00023A1460F93FD
:1054D0004CE50C9B1B680993E4E40A0034E40223C6
:1054E000180010400D90134200D03EE54346002BBB
:1054F00000D042E6FFF771FB01330F937FE4634670
:105500000D93F3E70EB4012230B584B007AC08CC9C
:10551000064D01000094280052420394FFF702FA5E
:1055200004B030BC08BC03B01847C0465D3C001056
:1055300010B50C0084B00394012402A902900093DA
:10554000034813006242FFF7EDF904B010BDC046F6
:10555000F13E001010B5094A0300146884B0002C15
:1055600008D0012200910648524203A9A047012019
:1055700004B010BD00F096F90020F9E7985800201B
:10558000E13E001000BEFDE7094A03001068002854
:1055900005D00849C3188B4207D8136070470648E6
:1055A0000449C31810608B42F7D901204042F5E747
:1055B00078540020000004203077002010B5FFF759
:1055C000E1FFC04670B5FDF7B7FA074D074EB5428B
:1055D00009D20024013E761BB60808CD9847230067
:1055E0000134B342F9D170BD24B6001028B60010C2
:1055F000030010B5080011001B68984710BDC04695
:10560000F0B5C64600B5437D07000C001600002B20
:1056100046D0002A17DD0B780A2B24D000239846A9
:10562000012E13D001252900635C01350A2B26D0F9
:10563000B542F8D1464509DCA419013C23780D3B5D
:105640005A4253413B7580BCB846F0BD4346E01812
:10565000A419F11A013C3B68984723780D3B5A4244
:1056600053413B75EFE7037D002BD7D102210F4853
:105670003B689847012EDFD001239846D2E7631E8E
:105680005B5C0D2BD4D0884504DA4346C91AE01878
:105690003B689847022105483B68A8469847C7E7FA
:1056A0000368110020009847CDE7C04650BC0010A9
:1056B000F0B5C6460B6806000C0000B5802B06D07E
:1056C0005A1C2260E418267180BCB846F0BD0F4B0E
:1056D0001D68002D16D00B1D98460D4F02E02D6958
:1056E000002D0FD02B68002BF9D03B68002B01D088
:1056F000AB42F4D1280041462268FFF781FF2D69B3
:10570000002DEFD101220023DBE7C04668540020C2
:1057100074540020F0B54546DE464E465746E0B587
:1057200083B091461C0080460D00FCF72BFD002342
:10573000304A12184B41002B02DA01222E4B524202
:105740002E4908008A4605F00FFF07006B1C03D1A5
:10575000404605F03FFD0500002C27D0284E294B80
:105760001C68002C18D04B46002B21D1264B9946A3
:1057700002E02469002C0FD02368002BF9D04B469F
:105780001B68002B01D09C42F3D120002A00414627
:10579000B0472469002CEFD1002F26D1280003B098
:1057A000F0BCBB46B246A946A046F0BD174ED6E7B0
:1057B000154B99460A239B4602E02469002CEBD046
:1057C0002368002BF9D04B461B68002B01D0A34265
:1057D000F3D12A0041462000B0476B465A462000CC
:1057E000DA71D91D0122B047E7E7504605F084FE83
:1057F000D4E7C04640420F00FFFFFF7F0842002071
:10580000015600106854002074540020F155001017
:10581000F0B5CE46474680B583B06B460600DD1D29
:105820002870FCF7AFFC0023194A12184B41002BDB
:1058300002DA0122174B524217490800884605F048
:1058400093FE164B81461C68002C14D0144F02E0C6
:105850002469002C0FD02368002BF9D03B68002B63
:1058600001D09C42F4D1200001222900FFF7C8FE9C
:105870002469002CEFD14B46002B05D1300003B03A
:10588000C0BCB946B046F0BD404605F035FEF5E770
:1058900040420F00FFFFFF7F0842002068540020B5
:1058A0007454002070B5040005F094FC012301003D
:1058B000050001222000FFF72DFF084B1C68002C7B
:1058C00006D06368002B05D098472469002CF8D1D6
:1058D000280070BD2469002CF3D1F9E7685400203A
:1058E000F0B5CE46474680B5A3B004000D00FCF7E6
:1058F00049FC0023274A12184B41002B02DA0122EF
:10590000254B5242254E300005F02EFE002322008A
:10591000019307002B00224801A9FFF709FE214B44
:10592000804699461C68019B002B1AD0002C2FD072
:105930001D4D02E02469002C0FD02368002BF9D004
:105940002B68002B01D0A342F4D12000019A02A9B8
:10595000FFF756FE2469002CEFD14B461C6800234C
:105960000193002C06D06368002B0BD09847246964
:10597000002CF8D1002F07D1404623B0C0BCB94657
:10598000B046F0BD2469ECE7300005F0B5FDF3E763
:105990000194EFE740420F00FFFFFF7F0842002025
:1059A000B156001068540020745400200FB400B5A4
:1059B00083B004A901C90191FFF792FF03B008BCAD
:1059C00004B01847F0B5D6464F4646461500C0B558
:1059D00004000E003022002182B02800FEF732F9C8
:1059E000524A01209446737863441B052360F37880
:1059F000984000F0BDFEB178F77889464C491123F4
:105A00008846F9028C46414660469A462268494BD0
:105A10000140D3181B0DDB004B44DB030B43514605
:105A20000B434946081DA021C9058C46800010186B
:105A3000BA01624413613D4B50609C464B467078FE
:105A4000E7606044000520606360337963441B05B0
:105A5000236173796361B379E3613378AB70F27B6F
:105A6000002A59D10133DBB2EB70EB78324B334F64
:105A70009C46334B61462764E16363642A73B389B0
:105A80004946238700F036FC6169206900F032FC4A
:105A9000E169206900F02EFC2A003100200005F0A9
:105AA00023FDA8780121C0B2FBF7CCFBE8780121E7
:105AB000C0B2FBF7C7FBA8780321C0B2FBF7D2FB4B
:105AC000E8780321C0B2FBF7CDFB01212823002297
:105AD0002970EA546A461B4B01A81B49938005F0C4
:105AE0001BFD6A465A2301A81849537105F014FD9D
:105AF0006A461E2301A81649537105F00DFD3C238B
:105B00006A46144901A8537105F006FD02B0E0BCD5
:105B1000BA46B146A846F0BD013BDBB2EB70AB78AC
:105B2000074B0D4F9C46044BA4E7C04602050000FE
:105B3000FF7FE0FF0000E0AF302200201C220020A9
:105B40000822002080D2FFFF24540020A858002003
:105B500010770020E0740020F4210020F0B53F4CC5
:105B60000500227883B0002A08D030220120A25CF0
:105B70004042002A01D003B0F0BD3034A5700029A6
:105B80005ED06B1EDBB2E37001222800217300217E
:105B9000FBF70EFBE07801220021C0B2FBF708FB07
:105BA0002F4B304E9C46316828006144090D063168
:105BB000C9B2FBF7E3FA2A4B31689C466144E078AE
:105BC000090D0631C0B2C9B2FBF7D8FA012128008D
:105BD000FBF702FBE0780121C0B2FBF7FDFA03CE30
:105BE0002E00E378DBB2203E32D40122B2400126FF
:105BF0003700AF401D00203D26D4AE400125324382
:105C000001922A009A40174300230022009700F0D7
:105C1000B1FCA0780121C0B2FBF714FBE0780121B0
:105C2000C0B2FBF70FFBA0780321C0B2FBF71AFB51
:105C3000E0780321C0B2FBF715FB002025709AE73E
:105C40006B1CDBB2E3709FE72025ED1AEE40D5E731
:105C500020260122761BF240C9E7C046707400205E
:105C60000000E0AFE45A0020F0B5C646060000B5DB
:105C7000674D684C2A0084B031002000FFF7A2FE77
:105C8000022305202B74FCF797FCFDF71DFF6249EA
:105C9000051CFDF7FEFEEC218905FDF7F7FE8046A9
:105CA000FDF73AFF87B20020002F0DD03800FDF736
:105CB0000BFF011C4046FDF7E6FE8721C905FDF7F5
:105CC000FCFEFDF729FFC0B24A23E054023BE75235
:105CD0005249281CFDF7DDFEEC218905FDF7D6FEB3
:105CE0008046FDF719FF87B20020002F0DD0380045
:105CF000FDF7EAFE011C4046FDF7C5FE8721C905F8
:105D0000FDF7DBFEFDF708FFC0B25223E054023B73
:105D1000E7524349281CFDF7BCFEEC218905FDF73D
:105D2000B5FE8046FDF7F8FE87B20023002F0DD0A8
:105D30003800FDF7C9FE011C4046FDF7A4FE87218F
:105D4000C905FDF7BAFEFDF7E7FEC3B24E22A35424
:105D50004C233449E752281CFDF79BFEEC218905B2
:105D6000FDF794FE071CFDF7D7FE85B20020002D3D
:105D70000DD02800FDF7A8FE011C381CFDF783FE9E
:105D80008721C905FDF799FEFDF7C6FEC0B256236F
:105D90000421E054244A023B2448E55205F0C4FBA8
:105DA000234B00211870234A002005F0BDFBB37B74
:105DB000002B0ED0204B1868204C2378002B03D1E9
:105DC00000280FD1012323701D4804B080BCB846C1
:105DD000F0BDB068184C2060002811D0174C237813
:105DE000002BF1D1002301930123164A5B4202925A
:105DF000154A0092154AFCF71DF901232370E3E7C9
:105E0000FCF7AAF901220221FBF724FF2060D3E767
:105E100070740020E45A0020001B374C001BB74A66
:105E2000001BB74C001B374B04770020603C002060
:105E30002B7700208C580020A84700202C770020CA
:105E4000C05B002018460020BD2B002018FCFFFF7F
:105E5000012210B544000D4B24182401E418E2730C
:105E6000A0780221C0B2FBF7C9F9E0780221C0B2E4
:105E7000FBF7C4F9A0780321C0B2FBF7D1F9E078B1
:105E80000321C0B2FBF7CCF910BDC04670740020EE
:105E900010B544000F4B24182401E418A078002109
:105EA000C0B2FBF7BDF9E0780021C0B2FBF7B8F94A
:105EB000A0780021C0B2FBF7A1F9E0780021C0B2C0
:105EC000FBF79CF964200021FCF766F90023E373DB
:105ED00010BDC04670740020BC220C4B520170B53E
:105EE000002600259C1802E0BC339C420DD01A7895
:105EF0008242F9D15A788A42F6D1DA88002AF3D060
:105F0000DE805D73BC339C42F1D170BDF05C00203B
:105F1000F0B5C64600B598469378170005000E0008
:105F20009C465B0618D0BC22264B52011C009A18D6
:105F300002E0BC34A2422AD020788542F9D16178AF
:105F40008E42F6D1E1880029F3D021798C45F0D139
:105F5000012080BCB846F0BDBC221A4B52011C0087
:105F60009A1802E0BC34944211D020788542F9D1CD
:105F700061788E42F6D1E1880029F3D021798C45F1
:105F8000E6D021794906E3D0BC349442EDD11C001F
:105F9000BC235B01E21802E0BC34A24210D0E388CB
:105FA000002BF9D13900200005F0F6FA43462570A0
:105FB000A3706670BB78DB43DBB2DB09E370C7E735
:105FC0000020C6E7F05C0020F8B50E001100BC22EE
:105FD000134B52017F279D1802E0BC33AB4219D00E
:105FE0001C78A042F9D15C78A642F6D1DC88002C5E
:105FF000F3D01A79002A02D01A791742EDD1002085
:106000002D2218710130DA72D870253A180005F087
:106010009BFAF8BD0348FFF745FC0020F9E7C046AE
:10602000F05C0020F0B70010F8B505006846008B62
:106030001F4C8446BC204001271850061BD002E0AC
:10604000BC34BC421ED026782000B542F8D1667818
:10605000B142F5D1E688002EF2D02679B242EFD1D6
:106060006246190005F070FAF8BD6678B1420FD0AB
:10607000BC34BC4206D026782000B542F5D0BC34F2
:10608000BC42F8D111000B48FFF790FC0020EBE771
:10609000E688002EECD02679B24202D02679760628
:1060A000E6D1227151424A41E2700122E272D7E701
:1060B000F05C002008B8001070B553062DD0BC2449
:1060C000284B64011E1902E0BC33B34240D01D7856
:1060D0001C00A842F8D15D78A942F5D1DD88002DD9
:1060E000F2D01D79AA42EFD1637B002B34D001237B
:1060F000E373637B002B06D108E00120FCF780F8F6
:10610000637B002B02D0A37B002BF6D1637BD8B23C
:10611000002B23D10023E37370BDBC24114B640119
:106120001E1902E0BC33B34212D01D781C00A842F5
:10613000F8D15D78A942F5D1DD88002DF2D01D7926
:10614000AA42D1D01D796D06CED0BC33B342ECD17A
:1061500011000548FFF72AFC0020DDE700236373E8
:10616000D8E7C046F05C002008B80010F0B5002960
:1061700010D00024FF26084A084F035D150A53403B
:1061800033405B00FA5A01346A408C42F5DBD0435D
:1061900080B2F0BD0020FCE7FFFF0000442C00208F
:1061A00003BDC04610B50400FCF7DAFCA04710BDE3
:1061B00070B58024124B6402124A1C60136823429B
:1061C000FCD00F20FBF76AF9002105000F20FBF738
:1061D00053F900220C4B5A70D0220C4B12061C6053
:1061E000136DDB0704D4012420BF136D1C42FBD0C8
:1061F000D02329000F201B069B6DFBF73DF970BDD6
:1062000004200140040001409C580020043001405B
:10621000F0B5C64600B5040086B00F200E009046CB
:10622000FBF73CF9002105000F20FBF725F90023BF
:106230000022009201930123029343460393D0234B
:10624000049605946F4600240026012102201B06B7
:10625000002C13D01A6D1042FCD05C6540BF1A6D43
:10626000114203D120BF1A6D1142FBD09A6DA24298
:1062700009D00026B200BC58EAE79A6D1A6D1142A7
:10628000FBD140BFE6E70136062EF3D129000F20EF
:10629000FBF7F2F806B080BCB846F0BD0D4B0E4AD5
:1062A00070B5934210D31C000C4A99180B4D0C4A40
:1062B00092686051FF20C00023500A4B0A482350C7
:1062C0000A48FFF7A5FF70BD01235B421C00084987
:1062D000ECE7C0460008042000000420F40700009A
:1062E00000ED00E0A5610010FC070000A1610010B6
:1062F000F3070000074B10B59C466044000D0128D1
:1063000006D0054A800041180448FBF711F810BD7B
:10631000034AF7E70000E0AF44B80010345400200F
:1063200020B80010F0B557464546DE464E46884632
:10633000E0B583B006000525FAF7E4FF434684463E
:106340005D571879334B344AF3181B0D9B00924666
:10635000D758012220248240241A013A002D41DB23
:10636000A54232DC1100A9400F422ED141460968F6
:10637000894641468979002945D12C00AA40934697
:1063800059463A40394241D1802189018846002846
:1063900016D06146A44634004E469946030001914A
:1063A0005100705A404500D24019A9181231890095
:1063B000013208519A42F3D3019B64469C464B46F6
:1063C0005A4617435246D75001E0012464426046C2
:1063D000FAF7A4FF200003B0F0BCBB46B246A946C2
:1063E000A046F0BD002C02DA10E0013C0ED31100F3
:1063F000A14025000F42F8D141460968894641462F
:1064000089790029BAD014246442E0E7092464425F
:10641000DDE7C0460000E0AF1C540020F8B5DE46C2
:1064200057464E4645460C00E0B515000600FAF703
:1064300069FF0523A179824622792068E356002965
:106440003DD1002B01DB9D4236D11E4B0127F318B5
:106450001B0D9B0098461C4997400B008B464146FC
:106460005B58013FAF401900994639401F4220D187
:1064700080239B019C46002A0BD04B00C45A6445E4
:1064800000D264196B1812339B0001319C518A426F
:10649000F3D84B463B431F0042465B469F50504655
:1064A000FAF73CFF2800F0BCBB46B246A946A0461E
:1064B000F8BD09256D42F2E70B256D42EFE7142583
:1064C0006D42ECE70000E0AF1C540020F0B5DE4662
:1064D00057464E464546E0B51600DC22924685B04A
:1064E0004B0002935B18DB00C518AA445246834652
:1064F00028001268CC30009202682B0001921C4ADE
:10650000802094460E9C634480021860002C1DD0AD
:106510008023DB049946012398463300D835E027D1
:106520002E0055469A463F0203912000FCF73CFCA2
:106530004A46430113432B6053464246C34013402F
:106540003B433360631E1C40EFD10399029B5B18F1
:10655000DB005B441A000099DC321160019ACC33F5
:106560001A6005B0F0BCBB46B246A946A046F0BDD5
:10657000CC300000F0B5DE4657464E464546E0B505
:106580001600DC22924685B04B0002935B18DB00BC
:10659000C518AA445246834628001268CC3000929F
:1065A00002682B0001921C4A802094460E9C634492
:1065B00080021860002C1CD08023DB049946012344
:1065C00098463300D8352E0055469A46134F03910E
:1065D0002000FCF7E9FB4A46430113432B60534676
:1065E0004246C34013403B433360631E1C40EFD11F
:1065F0000399029B5B18DB005B441A000099DC32B4
:106600001160019ACC331A6005B0F0BCBB46B246AB
:10661000A946A046F0BDC046CC30000080E0000096
:10662000F0B54E464546DE465746E0B583B089464E
:106630000CA984460D781F2A45D84946490088464A
:106640004944C900461837003400DC373868CC3478
:1066500083462068310001901C4880248246A402B1
:1066600051440C6069424D411E216D428D431849D1
:106670008A465544052B0CD9A0201F214005D83649
:10668000540104430532053B3C600A403560052B4C
:10669000F6D852019B06134342464A44D200624454
:1066A0001000DC3213600300D8331D605B461360BA
:1066B000019BCC300360002003B0F0BCBB46B24667
:1066C000A946A046F0BD05204042F5E7CC300000C9
:1066D0009FE00000F0B501258D400468AC430460E4
:1066E000002B2ED04D006C18E400041926001F6802
:1066F000C83637609F68043677605F68DB68DC34D3
:10670000376023606B18184DDB00AC468025C41839
:1067100064442D0625602560144C0D1D8C4084605A
:1067200001242600AE40802508318C401F21AD0198
:106730004519C0180A40D8302E602C600260002035
:10674000F0BD4D006C18E400041926008027C836FF
:106750007F023760C0273F03B760F82704367F0207
:10676000DC3437602360CDE7D01000000101010167
:10677000F0B5C646040000B5002813D00B4B002529
:10678000984601260A4F264203D164080135264265
:10679000FBD0424629003800FAF7CAFD640801D050
:1067A0000135F0E780BCB846F0BDC04660B80010C7
:1067B0001C770020F8B500F047F90C23194DFF2293
:1067C000AB6705201849FAF79FFE184C40220021BC
:1067D0002000FDF737FA4027002301262121144A23
:1067E00066702783A260136063545F31618445390A
:1067F0006354104A10496360E2602787A1620B600E
:106800006362E26204F0D8FE80239B052E64EB6491
:1068100090230A4A0120EA508022094B5202DA648E
:10682000F8BDC046000011506D2F00208C54002090
:1068300084001050000110508000105010D0010052
:106840000020115010B501210520FAF715FE10BDEA
:1068500010B500220021024800F016F910BDC04614
:10686000AC540020044B1970002904D080219023DF
:10687000024A8902D150704723770020002011502E
:106880000B785B0602D14B78052B00D070478A78D5
:10689000014B1A60FAE7C04600001150F0B5C64639
:1068A000C87800B58007830F1800012B60D08F785F
:1068B0000A794B797F213940FC091B024E001343B2
:1068C000334D32195201AA1897700127674057704B
:1068D00000275B055B0DD7701383D076B846CA00DE
:1068E000012C32D02B4FBC468F016244BC46AC44D5
:1068F0006746BA6047461760002932D0264AC90069
:1069000090466246414451603F223F339343022800
:1069100037D0224937190A687F01D3180B60204904
:10692000EF19FA608B422ED836197601AD19EB7E3D
:106930001C499B064A4013438022120613436A688F
:106940001360012080BCB846F0BD174FBC468F01D4
:106950006244BC46AC446746BA62474617600029A9
:1069600008D1002364012C196360104BE360E8E751
:106970000020E7E70B4AC900904662464144516255
:10698000C2E75B00C5E7FCF7D1F8FA68CCE7C04680
:106990008C5400208400105004001050B058002087
:1069A000FF0F1050000010508000105000011050D8
:1069B00010B504F001FE10BD10B57F200C00204082
:1069C0004000E409110000191A00034B4001C018EF
:1069D00000F05AF8012010BD8C5400207F231800CD
:1069E00000B5084083B00B4204D14B424B41084AEA
:1069F000013393668022C9094000064B40184001CC
:106A00000021C018120104F0DFFD03B000BDC04634
:106A1000002011508C5400207F22130010B50B4031
:106A20000A4200D110BDC9095B005B1804485B0134
:106A3000C018002300220349C37004F0C5FDF1E72C
:106A40008C540020FFF7FFFF80220A4B520410B540
:106A50001A60094B09491A6010000B689843FBD172
:106A60008022002152010648FDF7ECF80922054B6F
:106A70005A6710BD00E0004000F0004008C0004030
:106A80000000105000001150002310B5C3820133E4
:106A9000828283760161040004F086FD002804D020
:106AA00080219023074A8902D150200004F014FD70
:106AB000002802D00123237710BD200004F064FDDC
:106AC000FAE7C04600201150002070477047C046CA
:106AD0007047C04600207047002070470020704774
:106AE0007047C0467047C0467047C0467047C046B2
:106AF000024B5878431E9841C0B27047784F00202F
:106B0000024B18784007C00F7047C046784F0020EE
:106B1000F0B5D6464F464646C0B52F4B07009A46BD
:106B20001B780E00FF2B50D1002941D000215422A8
:106B30002A48FDF787F80022294C2A4B20001A70BA
:106B4000FAF766FE284B1C60284C2000143CFAF72C
:106B50006DFE200001F0B6FD254B264D1C60264B36
:106B6000002B04D0280000E000BF244B186024490B
:106B7000002489462149002388462A7810E04346AC
:106B80001B6862019B18002B12D05B68002B0FD092
:106B900098472A780134E4B2511C2300A14209DB52
:106BA000A242ECD89B1A5B014B445B68002BEFD1EF
:106BB00000200BE05346310038001F70FFF7FAFD4C
:106BC0000028F5D03800FFF73DFE0120E0BCBA46B2
:106BD000B146A846F0BDC046803C0020784F00205A
:106BE000704F002024770020CC4F0020783C0020FC
:106BF000D04F00202077002000000000AC4700208C
:106C00008CBD0010F0B5DE4657464E464546E0B511
:106C1000C84B91B002931B78FF2B00D13EE1C64BCD
:106C2000C64E9B465F46C64B0DAC0193C54B0093C9
:106C300035686A69EFF3108172B61368002BFCD0D7
:106C4000BFF35F8FA9612800210001F06BFB6A6927
:106C5000AB69BFF35F8F0021116083F310880028B8
:106C600000D11BE16378082BE2D89B00FB589F46BC
:106C70006368002BDCD0A0689847D9E77F22217990
:106C8000AF4D0A405300EB189846C809804440466F
:106C90000123303005799D430571057903339D4308
:106CA0000571002A00D100E14346A74A1B7D1278F6
:106CB000934200D3EFE0A54A5B011568ED18002D63
:106CC00000D1EBE0A36862792078AD69A847AFE70F
:106CD0009F4A1378002B00D1E0E01378013BDBB230
:106CE00013701378002BA3D10122954D01212B782D
:106CF000042013432B703423EA5C8A43EA54EA5C91
:106D00008243EA540133EA5C8A43EA54EA5C8243F0
:106D1000EA54237800209B4600F09EFC60222379F1
:106D20001A40602A00D1EFE0402A00D1F5E0DB06EE
:106D3000DB0E012B00D113E1022B00D1C7E0002BA9
:106D400000D0E1E0202A00D11CE2002A00D0DBE0E4
:106D50006379092B00D9D7E07E4A9B00D3589F4620
:106D6000774D2B78DB0700D462E7FFF7BFFE5FE7C4
:106D7000019BDB78DB0700D45AE76068FFF7A8FEC9
:106D800056E76F4D2B78DB0700D451E728780007D2
:106D9000C00FFFF7A9FE4BE723786A4999468B4657
:106DA000694B6A4998468A4639001A784746002353
:106DB000B04600254E46894610E053461B686A01DE
:106DC0009B18002B00D176E0DB68300098473A78BA
:106DD0000135EDB2511C2B008D4244DC9542ECD3C1
:106DE0009B1A5B015B44EFE7237858499946564B61
:106DF0008A4698463100BB464E461A780025002345
:106E0000474689460FE053461B686A019B18002BD2
:106E100055D0DB68300098473A780135EDB2511C07
:106E20002B008D4207DC9542EDD39B1A009A5B0143
:106E300094466344EDE7019D542200212800FCF7AD
:106E400001FF1022FF214448FCF7FCFE280020220D
:106E5000FF2114304E465F46FCF7F4FE00F0F2FBD3
:106E6000FFF740FEE4E6364D542200212800FCF7EF
:106E7000E9FE1022FF21281DFCF7E4FE2800202255
:106E8000FF21143046464F46FCF7DCFE00F0DAFBEB
:106E90002379AB70CCE6501C984213DA11B0F0BCE9
:106EA000BB46B246A946A046F0BDA36862792078E9
:106EB00000F0E6FBBCE646464F46214DE6E74E466F
:106EC0005F46CBE71F4D9B1A5B015D19FAE6702305
:106ED000217A0B4218D1C80982460F330B405B0060
:106EE00098461948EB1853441B7D00789946834215
:106EF00066D216485B01006881469944002A00D199
:106F00005FE14B46002B68D120780021FFF766FD3A
:106F100080212078FFF762FD8AE6104800F09CFB94
:106F2000012158460EAAFFF7CFFD002800D07FE6CA
:106F3000EAE7C046803C0020E4BC0010D04F0020AF
:106F4000784F00208CBD001020770020AC47002037
:106F50002477002008BD00107C4F0020C96A001073
:106F6000237A0F2BD0D8CF4AEB181B791578AB4278
:106F70003ED3691C9942C7DB5D1BCB4B6D01ED18FD
:106F8000686900F069FB012158466B690EAA9847B1
:106F9000002800D04CE66022150023791D401A42DB
:106FA000B2D163790A3B012BAED800F055FB63796F
:106FB0000A2B00D199E158460EA900F0D9FA37E61C
:106FC000431C4B4500DAF7E04B461B1A5B01994620
:106FD000B5488144002A00D1F3E04B46586900F0DF
:106FE0003BFB4B46012158465B690EAA98479CE73C
:106FF000AE4A5B011568ED18002DC1D184E7A37975
:1070000099466B789945D6D06B78002B00D033E148
:107010004B466B70002B00D12BE148460138C0B2C3
:10702000F9F77AFA002800D17EE143780793022B22
:1070300000D079E10122C179B1468B114911134089
:107040000A40302112015B0113432A78A8468A4383
:1070500013432B7009239A4682445646BA46C37896
:1070600082781B021343C31805938E4B04938E4BF7
:1070700008938E4B09938E4B0A93059BB34200D81D
:1070800055E1737801220B2B03D13378F278F6188F
:107090007378042B00D044E1059B00279B1B9BB217
:1070A0000693049B0B921D78002303931BE0099A1F
:1070B0007B011568ED18002D00D132E131005846F2
:1070C0002B69069A98478446082803D9069A824273
:1070D00000D313E1049B01371D78FFB26B1C0397AB
:1070E0009F4200DD1DE1BD42E1D8039B5D1B089B73
:1070F0006D019C466544E1E76B780CAA023213707F
:10710000584601230EA900F049FA91E5E3881A0ACE
:10711000D8B20F2A00D9F7E666499300CB589F46AC
:107120000EA800F09FFA5846A179FFF791FB0222C2
:107130002B7813432B707BE5E388012B00D0E3E62B
:1071400008222B78584693430EA92B7000F010FAB2
:107150006EE5022029780CAB9A1C8B068908DB0FA0
:1071600001400B431380584602230EA900F016FA83
:107170005EE5E388012B00D0C6E608222B78134396
:107180002B7018E7237A0F2B00D9BDE6EB181D7979
:10719000444B1B789D4228D2444B6D011B685D19FE
:1071A000002D00D1B0E6686900F056FA012158467A
:1071B0006B690EAA9847B8E6002A00D0A4E600231F
:1071C000994662790220130003928343012B15D064
:1071D000002A00D098E62B004344534430331B79F7
:1071E0000CAA9B07DB0F0232BCE75A1CAA4200DA4A
:1071F0008AE6ED1A2C4B6D01ED18D4E7E388002BDD
:1072000012D1029B1878039B012B23D0FFF7E6FBDA
:1072100043460221EB18534430331A790A430121C3
:107220001A711A790A431A714B46002B00D1FFE4F8
:10723000586900F011FA4B4601215B690EAA5846C5
:107240009847002000F008FA3523EB5CDB0700D5F7
:10725000EEE4B0E6FFF7E0FB43460221EB185344AF
:1072600030331A798A431A711A7903998A431A7149
:10727000DAE7FFF737FC9EE600215846FFF7F2FAFF
:107280005846FFF795FBAB78074903930491054BEC
:10729000064998461A780591002329001D008A4660
:1072A0001BE0C046207700208CBD0010AC470020BA
:1072B0008C4F002030BD0010059B6A011B689B1895
:1072C000002B4DD0DB685846984743461A78013565
:1072D000EDB2511C2B008D422EDC9542ECD39B1A53
:1072E000049A5B0194466344ECE70CAB9A1C584645
:1072F00001230EA9157000F051F999E40B9A012AA7
:107300004FD0002A3CD00023B07804E00133DBB238
:107310000F71934234D2C118C9B241440D79FF2D87
:10732000F4D04E464546574600236B70ECE54E467A
:107330005746FFF7D5FB3EE655465422002128006C
:10734000FCF780FC1022FF21281DFCF77BFC2800A5
:107350002022FF211430FCF775FC039BAB7057E62D
:107360005546FAE7FFF7B6FB021E00D1CCE5D3780D
:1073700091781B020B4358460EA900F00FF9D4E593
:1073800065463B002A0031000A9800F01FFFAC461A
:10739000049B039A1B7866440133934200DB6CE63E
:1073A000BFE7174B29699942ADD1079AABE7FFF7C1
:1073B00093FB021E00D1A7E5584613780EA900F0F2
:1073C000EDF8B2E52189F9F7ABF8021EF4D19BE59F
:1073D000022A0FD0FFF782FB021EC8D194E5F9F70D
:1073E00097F8021E00D18FE5122358460EA900F02F
:1073F000D5F89AE5F9F790F8021EB8D184E5C046B1
:107400004D7A0010F8B557464E46DE4645460C000C
:10741000E0B516001F00002A3CD0702398461E4B92
:1074200000259B461D4B9A461AE05B461B782000C0
:1074300099465346997800F08BFE00281CD0210015
:107440004846FFF72BFA002816D0A378DA09012A5C
:1074500019D00A9A013513702378E418B54219DA65
:107460006378052B08D1E3789B079B0FBB4203D1C0
:107470004246A3781A42D8D00020F0BCBB46B246A0
:10748000A946A046F8BD0B9A013513702378E4187D
:10749000B542E5DB0120F0E7803C0020784F00207A
:1074A000702270B58B780C001A4201D0002070BD9C
:1074B000064B20001D78064B997800F049FE002805
:1074C000F4D021002800FFF7E9F9F0E7803C002024
:1074D000784F00200B007F2010B51840DB093433B3
:1074E0004000044AC018044B1168C01800F0ECFDBD
:1074F00010BDC046CC4F0020784F00200B007F20ED
:1075000010B51840DB0934334000044AC018044B5E
:107510001168C01800F000FE10BDC046CC4F00201E
:10752000784F002070B57F240F480C406400041988
:10753000CD09641930342079C00701D5002070BD11
:10754000012625790948354300782571FFF734FA7B
:107550000028F4D101222379934323712379033244
:1075600093432371EAE7C046784F0020803C002017
:1075700070B5094C0600082220000D00FCF768FBDE
:1075800000238021E360A3602B7830009943002220
:107590000023FFF7C7FF70BDC04A0020F8B5CE46F4
:1075A00047469046254E80B58146082230000D00A2
:1075B0001F00FCF74DFB4346B3600023F381EC79D9
:1075C000AB7924021C43231CBC4200D93B1C9FB254
:1075D000B381002C0DD0002F17D04246002A2BD0AB
:1075E000402F1BD89FB233787F2B1CD80021144A20
:1075F0000FE080212B780022994348460023FFF7B3
:1076000091FFC0BCB946B046F8BD7F230022317857
:1076100099433B004846FFF785FFF2E740239FB2BE
:1076200033787F2BE2D9064C3A0041462000FCF724
:107630000FFB80212200ECE70020E2E7C04A002097
:10764000804A002010B5142200210248FCF7FAFA03
:1076500010BDC046C04A0020014B18617047C046AB
:10766000C04A002010B5054C010008222000FCF79C
:10767000EFFA0023A360E36010BDC046C04A0020BB
:1076800070B5384C1D0023780600DA09C9098A4212
:1076900010D00020002D00D070BD21003000FFF779
:1076A000EFF82369002B03D0220003213000984714
:1076B0000120F1E77F2B06D8A068002834D02A00EB
:1076C0002949FCF7C5FAE289A1685219E38892B208
:1076D0004919E281A160934214D03F2D12D9A389A8
:1076E000981A051C80B240282AD82078ADB27F288D
:1076F00028D800219A4232D01B4A2B003000FFF7D5
:1077000011FFC9E72369002B05D0220002213000B8
:10771000984700280AD0802123780022994330001E
:107720000023FFF7FFFEB7E70020B5E70021300098
:10773000FFF754F930008021FFF750F90120ABE743
:107740004025D2E79A4207D0074C2A002000FCF7D8
:107750007FFA80212200D0E780210022CDE700229D
:10776000CBE7C046C04A0020804A002070B5040024
:10777000FFF7BEF9002800D170BDFFF7C1F900285E
:10778000FAD1E3001B19DB00124D1B19DB00EE18C8
:10779000F1780029F0D010335D19280000F0ACFD1D
:1077A0003F28E9D90020F178FFF794FE0028E3D0C4
:1077B000280000F0A1FDF1783F2807D9064BE2012F
:1077C000D21800204023FFF7ADFED5E70020FFF7D9
:1077D00095FED1E738480020B4470020C30010B51B
:1077E0001B18DB001818034BC000C01800F066FD22
:1077F00010BDC04648480020F0B58023C646C600EC
:107800003418E4002418204FE4001034050000B5BB
:107810003C195B029A4200D31C4A200092B200F04D
:10782000CFFD8046FFF764F9002803D1404680BCB5
:10783000B846F0BDFFF764F90028F7D17619F600D5
:107840007619F600BE19F378002BEFD0200000F077
:1078500053FD3F28EAD90020F178FFF73BFE0028CE
:10786000E4D0200000F048FDF1783F2807D9084B0C
:10787000EA01D21800204023FFF754FED6E700208B
:10788000FFF73CFED2E7C04638480020FFFF00006B
:10789000B4470020F8B50400FFF72AF9002801D109
:1078A0000020F8BDFFF72CF90028F9D1E5002D19CB
:1078B000ED002D19ED002E00134F2436F61930007F
:1078C00000F0FCFC0028EBD07F190020B978FFF70E
:1078D00001FE0028E4D00D4DE40165192900402285
:1078E000300000F06DFDB978041E08D003002A00B6
:1078F0000020FFF717FE0028D2D02000D1E700209B
:10790000FFF7FCFDCCE7C04638480020F4470020D4
:1079100070B5C4002418E4000C4B2418E400E418EB
:10792000802305005B029A4200D3094A200092B2EC
:1079300000F00CFE0600200000F0C0FC3F2801D83B
:10794000300070BD2800FFF7A5FFF9E75C48002074
:10795000FFFF00009222F0B500251B4C83B00021F0
:1079600020009200FCF76EF9184B21001D70FF23D8
:107970006371E1235B02A360200008238022A373CC
:1079800038310095073B5200103000F061FC2100B7
:107990000123200080223931FF315200009324302E
:1079A00000F056FC8E239B00E7183800F9F730FFF3
:1079B00090239B00E6183000F9F72AFFE561276263
:1079C0002663656303B0F0BD3848002034480020CA
:1079D0000A4A116B136A00290CD0002B07D0002330
:1079E000D361536313630023136201207047536311
:1079F0001363FAE7002BF8D0D161F4E73848002090
:107A000070B50F4C052200212000FCF71BF90D4D2D
:107A10002B78DA0707D50C4C9B070CD501212000E9
:107A200000F070FE70BD2000103000F04BFE2B788F
:107A3000054C9B07F2D4200000F044FEEEE7C04660
:107A400038480020344800205C480020F0B54B79CD
:107A5000060083B0022B02D18B79022B03D00025C4
:107A6000280003B0F0BD204FBB78002BF7D18B78F6
:107A700009253B700C780C196378242B07D00CE097
:107A80002378E4185D196378ADB2242B05D19542B3
:107A9000F6D90020FFF76AFEE2E71A00052B15D0A1
:107AA000042AF6D163790A2BF3D1104B277801937E
:107AB0000133009330000223E119023AFFF7A2FCE0
:107AC0000028CCD00E35ED19ADB2E2E72100300030
:107AD000FFF7E6FC0028C2D0A3787B7023785D19FD
:107AE000E4186278ADB2DBE7384800203A4800205D
:107AF000F8B5602314001278050013400020202BF5
:107B000007D1304A6379277916781B023B439E429E
:107B100000D0F8BD6378222B1AD007D8202B34D0A0
:107B2000212BF6D101293ED00120F2E7232BF0D101
:107B3000012940D00329F7D1234B002BF4D0E17861
:107B4000A37809020020194300E000BF0120E0E70C
:107B5000012930D00329E7D101252E00A378E4784C
:107B6000023924021C431471264024321000714053
:107B700000F0C8FD154B002BD6D062080020310064
:107B80002A4000E000BF0120C3E701290BD00329F0
:107B9000CAD10F4B002BC7D008320020110000E0E3
:107BA00000BF0120B5E7072321002800094AFFF79D
:107BB000F5FC0120ADE721002800FFF7D9FC0120EA
:107BC000A7E7C04638480020000000000000000081
:107BD0000000000040480020F0B54F464646D6461B
:107BE000C0B5364D8046EA780C001F008A423CD072
:107BF000AB788B4210D00020E0BCBA46B146A84614
:107C0000F0BD2F4B002B04D02E4800F06DFB002858
:107C100051D00020FFF7AAFDAB78A34201D001208C
:107C2000EAE7294B002B02D0002000E000BF002033
:107C3000FFF730FE0028F2D1244C200000F03EFB7C
:107C40000028ECD1002FEAD0BF06E8D1243C404602
:107C5000A178FFF73FFC0028E1D000230022404636
:107C6000A178FFF75FFC0120C6E79AB210239A467D
:107C7000174EAA443100504600F068FC154B002B0B
:107C8000BFD06B79FF2BBCD0002FBAD0F219914630
:107C900003E001364E45B4D06B7932789A42F8D180
:107CA000504600F021FB0028F3D15346103B597990
:107CB00000E000BFEDE7F8F73FFBAAE738480020F7
:107CC0003903001048480020000000005C480020F4
:107CD000B4470020000000007047C04601207047F4
:107CE0007047C046F0B50E0004001500190083B0BF
:107CF000002B2AD06B460622981CFBF7A9FF002C0C
:107D000002D0002003B0F0BD144F00207978FFF7B7
:107D1000E1FB0028F5D0002E0CD16B46104A1D70F7
:107D20005E7003CB03C208230D4A79780020FFF769
:107D3000F9FBE7E769460B480822067411300D701D
:107D40004C70FBF785FF0923EEE76B461A705970FC
:107D500006220021981CFBF775FFD0E7584B002046
:107D6000384B0020284B0020F0B54F464646D646FB
:107D70001D000023C0B50C0008A9CB56002798466B
:107D8000002309A9CB560AA916009946CF57002807
:107D900005D00020E0BCBA46B146A846F0BD124B63
:107DA000002059789A46FFF795FB0028F1D00F4B39
:107DB000002C0ED142469A744A461E745D74DA74E1
:107DC0001F75052351460A4A49780020FFF7AAFB90
:107DD000E0E74246DA744A461C745E749D741A7574
:107DE0005F750623EEE7C046584B0020284B002065
:107DF000384B002010B50C2200210248FBF722FF6F
:107E000010BDC046584B00200120704710B50C2211
:107E100000210248FBF716FF10BDC046584B00205A
:107E2000F0B54B7906000D0083B0032B0AD1087919
:107E3000C400241A1234A4B2944203D8194F7B7898
:107E4000002B03D00024200003B0F0BD097869188E
:107E50004B78212BF6D1B9600B780200C9187B1C36
:107E60000193BB1C009330000323FFF7CBFA0028DB
:107E7000E8D0AB79012B01D1EB79FB700123BB7109
:107E8000AB78B9783B70BB68DA791B7A1B02134375
:107E9000BB800029D7D010233000034AFFF742FBF4
:107EA000D1E7C046584B0020484B00201F23F0B5B7
:107EB00014001278050083B01340012B01D000207C
:107EC0000CE05A4E207933789842F8D1602318009C
:107ED0001040134204D101290BD0012003B0F0BDA2
:107EE0002028ECD163780B2BE9D8514A9B00D3585A
:107EF0009F466378062BE2D1E378212B7AD0222BA0
:107F0000DDD10020F8F746FB21000200B3882800ED
:107F1000FFF744FBE1E7012910D00329DDD1A17867
:107F20000020B171FFF7D8FED7E70129D5D1E1785C
:107F30000020F171FFF7D2FE0028C0D021002800F8
:107F4000FFF716FBC9E701295ED00329C5D1E07907
:107F5000A37900021843E278A178041C102800D904
:107F60001024344BA4B2002907D0012805D9187871
:107F7000884202D1013C304BA4B200200094F8F7B3
:107F80000DFBAAE70129A8D10123210028002B4AD3
:107F9000FFF704FBA1E701299FD10123210028005D
:107FA000274AFFF7FBFA98E7012996D1E379A079F0
:107FB0001B020343E278A178181C102B00D9102073
:107FC00080B200292DD0012B2BD90126194F013861
:107FD000397080B27B1C00900020F8F7E1FA33186A
:107FE0009BB2002B00D16AE73A0021002800FFF77E
:107FF000D5FA72E7B268002A00D160E721002800B4
:108000001378FFF7CBFA69E7E379A2791B021343F0
:10801000102B00D953E721002800064AFFF7BEFACB
:108020005BE7044F00263B00D5E7C046584B0020D5
:10803000CCBD0010284B0020294B00205E4B0020B7
:108040005F4B002070B51B4D0400A8786E7882B09D
:10805000884204D08E4216D0002002B070BD9BB280
:10806000864211D0144E002A17D10093002133000C
:1080700000200232F8F792FA102332002000A9788B
:10808000FFF750FAE9E79BB2002A0CD100201A0052
:108090000A49F8F787FA0120DFE7320002210020C1
:1080A000FFF71EFEE8E700200121044AFFF718FE53
:1080B0000120D2E7584B0020484B0020384B0020CD
:1080C00010B5F9F7B3FE10BD037870B5DB070400F7
:1080D0000E00DD0F002B17D103785B0701D52800B8
:1080E00070BD01213000494203F036FA2378DB07E6
:1080F000DD0F002B0AD123785B0708D404222378F4
:1081000001251343237002E00025E8E70025300035
:1081100003F0F2F9E3E7C04670B50C000121060058
:108120004942200003F018FA33785B07DD0F002B7B
:1081300004DB200003F0E0F9280070BD3378DB0792
:1081400004D40422337893433370F2E70025F0E738
:10815000437902791B021343C2785B0592075B0DDA
:10816000920F022A1DD0032A0CD00020012A08D128
:1081700002394A425141124A94466144994240416F
:10818000C0B2704702394A1E91410E4A494211401D
:108190008022D20094460020614499424041C0B2FE
:1081A000EFE7022905D0002040229A424041C0B2A8
:1081B000E7E7054A981843425841C0B2E1E7C04694
:1081C000FF03000040FCFFFF00FEFFFF8A1870B5B0
:1081D000914207D27F264C78052C04D00C780919DF
:1081E0008A42F8D870BD34008D782C4064000419A0
:1081F000ED0963550C7809198A42ECD8F2E7C046BC
:1082000070B54D1E0300EDB200291ED0017800208C
:108210000E00301880B25B18904205D30FE00818AA
:1082200080B25B1882420AD91978002907D05C789D
:108230000B2C0BD0042CF2D1DC78002CEFD1013DBB
:10824000EDB2FF2D02D01978E3E7002070BDC046E3
:10825000F0B5C64600B504006846057E8020884615
:1082600017001E000002824226D8E068002803D0D2
:108270000121494203F070F92069002803D001214F
:10828000494203F069F94346236073045B0CED0334
:108290001D430023E0686381A780E58023810028D7
:1082A00001D003F029F92069002801D003F024F956
:1082B000012080BCB846F0BD0020FAE710B5048963
:1082C00041898288A3B288B28C4207D31B1A9BB221
:1082D000101C9A4200D9181C80B210BD5100091A16
:1082E0005B189BB2F4E7C04603894089181A4342E1
:1082F0005841C0B27047C04610B504894189828890
:10830000A3B288B28C4207D31B1A9BB200209A42B8
:1083100001D9D21A90B210BD5100091A5B189BB254
:10832000F4E7C04670B5040000690E00002803D0D1
:108330000121494203F010F925896089A288A9B278
:1083400083B2854232D3CD1AADB2002D28D0AA42D5
:1083500008D291422FD3891A8BB263819A4203D8F3
:108360009B1A9BB29A42FBD9E28821685204520CB4
:1083700053433000C918FBF76BFC63890125591C76
:1083800089B2A2888B420DD900215200891A89B284
:1083900020696181002801D003F0AEF8280070BD8B
:1083A000618989B252009142F2DBEFE75500ED1A84
:1083B0004D19ADB2C9E789188BB26381CEE7C046CB
:1083C000F0B546464F46D646C0B506000069894618
:1083D0009046002803D00121494203F0BDF83189BD
:1083E0007289B5888BB294B2914254D31F1BBFB22D
:1083F000002F4AD0BD4205D2AB4251D25B199CB28C
:108400002F0074814346B8453DD89FB2A54203D89A
:10841000641BA4B2A542FBD9F28831685204520C05
:10842000904662432B1B9BB2891842469F4225D936
:1084300053439BB21A0048469A46FBF709FC434651
:1084400048467D1B64195C4331685044A2B2FBF777
:10845000FFFB7189B588CB199BB26A00994216D986
:108460009B1A9BB230697381002801D003F044F855
:108470003800E0BCBA46B146A846F0BD48467A434B
:10848000FBF7E6FBE5E73B1CBFE773899BB26A009D
:108490009342E7DBE4E76F003F1BDF19BFB2A7E7BA
:1084A0005B1B9CB2ACE7C046F8B50400C0680E0088
:1084B000002803D00121494203F04EF82589208984
:1084C0006189A288ADB283B28FB2884229D3DB1B07
:1084D0009BB29A4209D8E779FF0906D1E0680028E3
:1084E00001D003F009F83800F8BD2B0095421DD3E8
:1084F0009B1A9BB29342FBD2E28820685204520C32
:1085000053433100C018FBF7A3FB6B1C9BB2A2883E
:108510009D4217D9002352009B1A9BB20127238149
:10852000DCE75100C91B5B189BB2D2E7E2882068E8
:108530005204520C53433100C018FBF789FB01353C
:10854000A288ABB252009342E8DBE5E7F0B54E46B5
:108550005746DE464546E0B589460600170083B01B
:10856000002A67D0C068002803D00121494202F0E8
:10857000F3FF3389F2799BB298467389B5889BB231
:10858000D20940D198455ED26A00D31A43449BB2C7
:10859000AB425DD2EB1A1A1C9BB2BB4200D93A1C0B
:1085A00097B27B1B9BB20193F3885B045B0C9A46EA
:1085B0004346DB199BB29B464446A84503D3641B44
:1085C000A4B2AC42FBD25346634330682D1BADB21C
:1085D000C018BD424BD3524649467A43FBF738FB9D
:1085E000B3885B00D84501D89B4503DB5A46D31AB4
:1085F0009BB29B465B463D003381F06800281AD051
:1086000002F07AFF17E0F2885204520C9246AF4211
:1086100020D298454DD34246D21A92B26900781BB7
:1086200080B2D21901908A4233DA4346FB189BB2DA
:108630009B46C1E70025280003B0F0BCBB46B2460C
:10864000A946A046F0BD4246D31A9BB2AB42A1D385
:108650000025D2E7002DD0D07F1B574398465A19EA
:10866000002392B2B94493462F000193A4E75346E6
:108670005D43ADB22A004946FBF7EAFA019B2900A7
:10868000E21853465A43306892B24944FBF7E0FA85
:10869000A6E75A1992B29346D21B92B290469342E1
:1086A0000CD94346591A8BB29846FB189BB29B468D
:1086B00082E76900CA1A424492B2B0E7914200DDF3
:1086C0007AE7EEE710B50400C068002803D0012166
:1086D000494202F041FF2069002803D001214942AC
:1086E00002F03AFF0023E06863812381002801D073
:1086F00002F002FF2069002801D002F0FDFE0120F7
:1087000010BDC04670B50400C0680D00002803D03D
:108710000121494202F020FF2069002803D00121F5
:10872000494202F019FF7F21E379ED011940E06829
:108730002943E171002801D002F0DEFE2069002803
:1087400001D002F0D9FE012070BDC046C278436955
:108750001A707047F0B5DE464E46454657464E4BBA
:10876000E0B599464D4B87B005934D4B8846049331
:108770004C4B00909B464B460292019300230026EF
:108780000024019D039303E001365635052C45D0A6
:108790002B78009A0134E4B29342F5D15623019A22
:1087A0007343944663441B79DB07EDD54346002BA6
:1087B00002D06B784345E7D1029A002A02D0AB7809
:1087C0009342E1D1052C64D0374B002B02D020001E
:1087D00000E000BF0599A946B246002700230D001E
:1087E0005E460A7810E0F9003368C91B89005B18FF
:1087F000002B03D020009B6998472A780137FFB2ED
:10880000511C3B00B94211DBBA42ECD89A1AD30092
:108810009B1A049A9B0094466344EBE7002302935F
:10882000039B002B2ED005239846A7E74D46210039
:108830000098F8F767FC562200212800FBF702FA9F
:1088400028000822FF210D30FBF7FCF92800202228
:10885000FF211530FBF7F6F9144BB34699461B7B05
:108860005646A34290D10121114B494218689A46BD
:1088700002F072FE00234A4653735346186802F012
:108880003BFE81E707B0F0BCBB46B246A946A04616
:10889000F0BD012303939DE7945000202177002031
:1088A00030BE0010B047002000000000D44A002075
:1088B0004C530020F0B54546DE4657464E46E0B5DF
:1088C000040001389446C2B20D008FB0042A00D9CA
:1088D00092E056214143814BCB5C9846002D2FD12D
:1088E0007F4E737BD9B2022B00D189E0032952D08D
:1088F00001291ED17B4FFB88002B00D0D9E06346B5
:108900000121794D9AB249422868F28102F024FE91
:1089100003232868737302F0EFFD01233A782100E6
:10892000D2095A400023D2014046D2B20093F8F750
:108930000DFC0FB0F0BCBB46B246A946A046F0BD48
:1089400006AF3A00674B03CB03C204AB9C46112031
:108950001600604402220021FBF774F901213470F3
:108960005F4CF570E389604D736023684942F360A2
:10897000636828683361A368B760736102F0ECFD37
:1089800000232868637302F0B7FD3369002BD0D051
:1089900030009847CDE7534F7B78092B32D0524BAC
:1089A0009A4606AB984606CF06C31D0004AB9C460C
:1089B0001120022260440021FBF744F92C700024AE
:1089C000EC70F38901216B604346AB603368494228
:1089D000EB6073682B61B3686B615346186802F0F3
:1089E000BBFD53461868747302F086FD2B69002B9B
:1089F0009FD0280098479CE73C4B1B7898466DE732
:108A0000384F7CE73B78002BC9D1042AC7D85622BF
:108A10001300324963438B461E3B5B449946012356
:108A20009846314BA3469A462B2343430497059619
:108A30004F4646460C00984642430392F3B299468D
:108A400043469D1918356D0065196B79DB070ED506
:108A5000039B4A465946E05CF8F784FB01226B7998
:108A6000781E93436B7153461968FFF755FB4346D5
:108A70009D196D00651931356B79DB0711D58022A1
:108A80004B4613431A00039B5946E05CF8F76AFB18
:108A900001226B79380093436B7153461968FFF7D5
:108AA0003BFB01360237102EC8D15C46049F059E61
:108AB00077E70D4D0239286802F04EFD0223286841
:108AC000737302F019FD80213A7833680A40F988FF
:108AD000404600912100F8F739FB2AE79450002026
:108AE000D44A0020445200204C530020244B002044
:108AF0007047C0460023013810B513800B80C3B205
:108B0000042B0FD856246043074B1B181C79A4076D
:108B1000E00F002C05DADC88002C03D00C801B89C8
:108B2000138010BD0020FCE79450002010B5F8F72A
:108B300097FA10BDF0B54F464646D646C0B5404FF1
:108B400005003B780E00984210D0FF2B10D031006A
:108B500028003D70F8F794FA002804D1E0BCBA462A
:108B6000B146A846F0BD2800F8F7D2FA0120F5E793
:108B7000344C2000143CF8F759FE2000FFF7A2FD0A
:108B8000314B1C60314C2000F8F742FE304B1C602A
:108B9000304B002B50D0304B1800984600E000BFFF
:108BA0002E4B186000222E4B2E4C1A60AF32002143
:108BB000FF322000FBF746F8102200212A48FBF77D
:108BC00041F8D7235B009946A1445622002120009A
:108BD000FBF738F820000822FF210D30FBF732F8B0
:108BE00020002022FF2115305634FBF72BF8A14539
:108BF000EBD143461D491A788A46184900240023C0
:108C0000894611E04B46E1001B68091B89005B188F
:108C1000002B03D05B68984743461A780134E4B2CE
:108C2000511C2300A14292DBA242EBD89A1AD30036
:108C30009B1A9B005344EDE7074B9846B2E7C046AA
:108C4000A03C0020983C00205853002050530020A6
:108C50004C5300200000000021770020B047002086
:108C6000244B002094500020D44A002030BE001035
:108C7000F0B5CE46474680B54378040083B0002B5C
:108C800014D18368002B11D00578002D15D0691EF2
:108C9000CBB2042B0AD856224A433F4B9B181B7970
:108CA000DB0703D53D4E737B002B0ED0002528003B
:108CB00003B0C0BCB946B046F0BD394BDB78DB062B
:108CC000F4D5364E737B002BF0D10121354F49424C
:108CD000386802F041FC737B3F68DAB2002B03D0A6
:108CE000380002F009FCE1E7012335737373E36890
:108CF000A16833602369F281736063690822B360FD
:108D0000294B18009846FAF7A3FF380002F0F4FB4D
:108D1000691ECBB2042B3BD856224A431E4BD05C73
:108D20002369002B05D029004246F8F721FA0500F7
:108D3000BDE76B46DF1D04233B701C4B29004246F8
:108D4000B7607360F8F714FA051EAFD0184B984659
:108D5000184B99463B78042B10D143461B78FF2BC8
:108D6000F8D04B461868FFF7BFFA0028F2D1434607
:108D70001B78FF2BEED000F091F8EBE76369002B36
:108D800001D03A781A703B78E370F38963608EE71C
:108D9000034B1878C4E7C04694500020D44A002002
:108DA000244B00204C530020445200204D870010DB
:108DB000A03C00205853002030B5324C8BB00D1E23
:108DC00020706170A2701AD1F8F762F93220FFF7B3
:108DD00077F92078F8F762F9E1204000FFF770F9A1
:108DE0002078F8F761F9002817D11022E37860782D
:108DF0009343E37000280ED001F05CF90BE0E12012
:108E00004000FFF75DF9A178607802241E4B1F4AED
:108E1000009401F0DDF80BB030BD2078F8F764F96C
:108E20000F220300E078134090431843E0701220B3
:108E3000174B00210A3A68441D70FAF703FF6A468F
:108E4000144B0021138208232078938204AAF8F798
:108E500061F90028DFD0104B082202938023002103
:108E60001B0304A80393FAF7EDFE02AB0693074B2E
:108E700004A80793044B089307230993FFF7F8FE10
:108E8000C9E7C046244B0020DD9000104C52002062
:108E9000267700200705000080060001F0B5574640
:108EA0004E464546DE467F4B814698467E4BE0B5B2
:108EB0009A4687B07D4E7E4F03AD34686269EFF30A
:108EC000108172B61368002BFCD0BFF35F8FA161D5
:108ED00020002900FFF726FA6269A369BFF35F8FBC
:108EE0000021116083F31088002852D06B78022B88
:108EF00056D00FD8002B15D028786A792979FFF73A
:108F000029FC28790028D8D06B79002BD5D001F026
:108F1000D1F8D2E7032BD0D16B68002BCDD0A86855
:108F20009847CAE7FB78DB0600D482E028783B78D4
:108F3000984209D129797A788A4205D16A79BC7830
:108F40009346944200D188E03068FFF7CDF9346849
:108F500083466269EFF3108172B61368002BFCD070
:108F6000BFF35F8FA16120002900FFF79DFA6269BE
:108F7000A369BFF35F8F0021116083F3108800287D
:108F800004D04A4669782878FFF7B2FD5B46002B8B
:108F900093D007B0F0BCBB46B246A946A046F0BD90
:108FA0007F232979A8780B40002806D1002BF0D127
:108FB000AA686979FFF77EFC7FE7421ED4B2042CD1
:108FC000E7D8562454434246A44662441279D20755
:108FD000DFD55A006244CC094244121914003034DF
:108FE00001926279009494460122934662465C465F
:108FF000A243009C627162799446042293466246C1
:109000005C46A243009C6271002BD1D05246019B6A
:1090100012785B7D934216D2264ADC00E31A14686C
:109020009B00E418002CB4D0AB686A796469A0474F
:1090300043E71022FB7829791343FB706A7928787B
:10904000FFF7BAFE39E7541C9C42A2DB9B1ADC00F6
:10905000E41A194BA400E418E6E7184C227B002A16
:1090600002D1627B002A03D15A46FFF7A5FE24E70E
:10907000002200211800F8F775F80121104B494231
:1090800018689B4602F068FA002363735B46186811
:1090900002F032FA6B7928789B4629795A46FFF715
:1090A0008BFE0AE7945000202177002058530020BF
:1090B000244B0020B047002030BE0010D44A0020CE
:1090C0004C53002010B5044B08001B78FF2B01D037
:1090D000FFF7E4FE10BDC046A03C0020F0B54E46B0
:1090E000DE4657464546E0B5C678040093B0002EEC
:1090F0000AD1BD4B07781E7043690C2B00D9F2E1F1
:10910000BA4A9B00D3589F46B94DEB78DB060DD584
:10911000B54A1378022B09D8642001331370FEF787
:10912000CFFF2000FFF7A4FD002807D11022EB7825
:1091300068789343EB70002800D0DDE113B0F0BCF9
:10914000BB46B246A946A046F0BD0122A94B197AFA
:109150000A4200D1C7E1587A0221440701D44108EC
:1091600011400F24A24A987AD378A3430B43D370BB
:10917000C006E3D59178507803229F4B00921132BC
:1091800000F002FFDAE708AB9C461220052200211E
:109190006044FAF757FD6A46984B0021138608236E
:1091A0009386934B0CAA1878F7F7B4FF0028C5D024
:1091B000934B08220A93802300211B030CA80B93D6
:1091C000FAF740FD0AAB0E938E4B0CA80F938A4B17
:1091D000109307231193FFF74BFDAFE706243220CE
:1091E000FEF76EFF8248844B8178864A407800946F
:1091F00000F0EEFEA2E77F4B9B7ADB069ED57C4A11
:109200007D4B91785078072200920D3200F0BCFE21
:1092100094E7784B1A7B092A00D170E17A4A012041
:1092200006921279D20711D55A2206998A5CD20782
:1092300000D447E2B0228A5CD20700D438E283220D
:1092400052008A5C0420D20700D577E75622451EDB
:109250006A43069D6649AC460C88624414808C784B
:10926000C978947001240907090FD17011790AADEA
:1092700021431171DB7B0CAC5371A023DB002B80ED
:10928000002368801022002120000B93FAF7DAFCFB
:10929000594B2000109308230E951193FFF7E8FC1B
:1092A0004CE70220FEF70CFFA3689F787B1EDAB222
:1092B000042A00D942E7562602225E43524D00217D
:1092C000AC19237913432371494B1878F7F71AFF28
:1092D00063791220984608AB9C4605220021604421
:1092E000FAF7B0FC454B0CAC238043462200390012
:1092F000705DA380F7F70EFF002800D11EE7404BFA
:1093000008220A93902300215B0320000B93FAF7B5
:1093100099FC0AAB27700E933A4B20000F93364B03
:10932000109309231193FFF7A3FC07E7791ECBB233
:10933000042B00D902E756224A432E4D324B288A8D
:109340009918C880688A0CAC0881E88A082248818C
:109350002B7E20000B732D4B00210A9390231B03BF
:109360000B93FAF76FFC0AAB27700E93224B08356C
:1093700010930A2320000F951193FFF779FCDDE687
:1093800080221C4D52006B89934200D9D6E61F4AB9
:109390000AAE0A9200220CACB280F38000212000B9
:1093A0000832FAF74FFC144B277010930B23083543
:1093B00020000E960F951193FFF75AFCBEE6144B52
:1093C0000CAC0A9300231022002120000B93FAF723
:1093D00039FC0AAB27700E93074B200010930C2327
:1093E0001193FFF745FCA9E626770020FCBD00108D
:1093F000244B002044520020DD900010070500009F
:10940000800600014C52002094500020800600028B
:10941000000901007C1EE3B2042B00D98EE656231E
:109420006343B4499B460A0004205A4413790691C9
:1094300003431371B04B1A0058891D7A0832801803
:10944000AD18AE4B0490A84200D83DE18846B9461D
:109450009A46AB4B0896099403932A78002A00D1C8
:1094600015E16B7801260B2B02D1EE78AD186B78E5
:10947000042B00D062E6049B31005A1B280092B2F4
:10948000FEF7BEFE082800D858E653462F001A788B
:109490004D460793002400238146059619E0994B19
:1094A000E1001B68091B89005B18002B0BD04246AA
:1094B0005946DE68505C4B463A002900B047002808
:1094C0004DD153461A780134E4B2511C23008C422A
:1094D00020DC9442E3D39A1AD3009B1A039A9B0090
:1094E00094466344E3E71021874BDA7858788A433F
:1094F000DA70002800D121E600F0DCFD1EE67D4A8E
:10950000052011000692AE2252008A5CD20700D5D7
:1095100014E69BE64B46A9463D001F00049BED194F
:10952000AB429AD84F46089E099C079B069D1A7825
:10953000744BAC4619685623634363445D7B501CEF
:1095400095422BD385422FDCAD1AEB006C4A5B1B96
:109550009B009B18310038001B699847EEE54B468D
:10956000059EA9463D001F00002E0ED04046AB7858
:109570005844F618F6B2C218517BFF2900D0DDE539
:109580000133DBB25473B342F5D158461530230092
:109590003A0029004044FEF719FEBFE7EB005B1BD1
:1095A0009B00CB18002BD5D15623069D6343AC46B8
:1095B00063449D7B95425AD301268542C4DD5623E0
:1095C000069D6343AC466344DD7B954257D3022638
:1095D0008542B9DD5623069D6343AC4663441D7C3A
:1095E00095425AD303268542AEDD5623069D63433A
:1095F000AC4663445D7C95425CD30426A842A3DA62
:109600005623069D6343AC4663449D7CAA425DD8C5
:109610000526A84298DA5623069D6343AC46634468
:10962000DD7CAA425AD80626A8428DDA5623634327
:10963000069CA44663441D7D954256D21C236B4371
:10964000CB180726002B85D110212F4BDA785878BC
:109650008A43DA70002828D1052F00D16EE52B4B04
:10966000002B00D16AE5380000E000BF66E5EB00A2
:109670005B1B9B00CB18002BA1D001266AE7EB00F7
:109680005B1B9B00CB18002BA4D0022662E71B4B70
:109690004F46089E099C079347E7EB005B1B9B0026
:1096A000CB18002BA1D0032654E700F003FDD3E72D
:1096B0000320CBE5EB005B1B9B00CB18002B9FD05E
:1096C000042647E70220C1E507932EE7EB005B1B6A
:1096D0009B00CB18002B9ED005263BE71C236B4339
:1096E000CB18002BA2D0062634E7A842ACDB072615
:1096F0002AE7C046945000204452002021770020E1
:1097000030BE0010B0470020244B002000000000B5
:109710000138C3B2042B04D856224243024BD05C1A
:109720007047024B1878FBE794500020244B002030
:10973000004870474C5200200138C2B270B5042A6C
:1097400017D8562242430C4CA3181B79DB07D80FBD
:10975000002B00D170BD7F20084B08401D68CB094D
:1097600035334000C018801829000019FEF7ACFC02
:10977000F0E70020EEE7C046945000204C53002054
:109780000138C2B270B5042A17D8562242430C4C95
:10979000A3181B79DB07D80F002B00D170BD7F20E9
:1097A000084B08401D68CB0935334000C0188018AD
:1097B00029000019FEF7B0FCF0E70020EEE7C046F4
:1097C000945000204C530020F0B5C64600B505006B
:1097D0000138C4B2984682B0042C0DD856237F2499
:1097E00058430C40134F64002418CE093C19A419A7
:1097F00030346679F60704D5002002B080BCB84644
:10980000F0BD01239C46634666791E43434666715C
:10981000C05D009313000A002900F7F797FC0028A9
:10982000EBD10122637993436371637903329343EC
:109830006371E1E794500020F8B5431EDAB20400EA
:109840000D00042A11D856265E430D4F2800BB197F
:10985000D978FEF77DFC002805D0F05D2A002100B4
:10986000F7F758FCF8BD0020FCE7064E2800F17819
:109870000907090FFEF76CFC0028F4D03078EDE7FB
:1098800094500020244B0020431EDAB2042A0CD846
:10989000562253430A481A5CC0180A7043784B702A
:1098A00083788B70C378CB707047064B1A780A7038
:1098B0005A784A709A788A70DB781B071B0FF2E798
:1098C00094500020244B0020F0B557464E464546A4
:1098D000DE46E0B583B004000CA81D0008C80F00E8
:1098E0009A46038816009946002C11D1454BDB7827
:1098F000DB0604D5444B98465B7B002B18D0002434
:10990000200003B0F0BCBB46B246A946A046F0BD5D
:10991000611ECBB2042BF2D856224A433B4B9B1814
:109920001B79DB07EBD5384B98465B7B002BE6D1E8
:109930000121374B49429B46186801F00DFE434612
:1099400059465B7B0868DAB2002B02D001F0D4FDE7
:10995000D5E7414601234B73CA8152462D4B0A601D
:109960009A460E9A2C4B4A600F9A0C738A605246A4
:109970001380534632022A435A804A469F80DA8037
:1099800001F0BAFD611ECBB2042B38D856224A43EF
:109990001E4BD05C0E9B002B05D021005246F7F7E2
:1099A000E7FB0400ACE76B46DD1D04232B70434648
:1099B00042469D60194B210053605246F7F7D8FB91
:1099C000041E9CD0164E174F2B78042B0DD13378E4
:1099D000FF2BF9D03868FEF787FC0028F4D13378E4
:1099E000FF2BF1D0FFF75AFAEEE70F9B002B02D0C6
:1099F0001A002B7813702B784346DB8980E7014BE4
:109A00001878C7E7244B0020D44A00209450002047
:109A10004C53002044520020810600004D87001066
:109A2000A03C002058530020F0B50400C646631E39
:109A3000DAB2080000B5042A00D98DE056225A4354
:109A40005A4BD218411CC9B2072900D99EE0584B85
:109A50001D786B1C9846574B1F6853185B7B9D42C3
:109A60005ED9DE00F31A9B00FB18002B60D1811C2D
:109A7000C9B2082943D053185B7B9D425ED89845F4
:109A800050DAC11CC9B2082939D053185B7B9D42FA
:109A90005BD8984546DA011DC9B208292FD0531862
:109AA0005B7B9D425DD898453CDA411DC9B20829CF
:109AB00025D053185B7B9D425AD8984532DA811DD8
:109AC000C9B208291BD053185B7B9D4257D89845D3
:109AD00028DAC11DC9B2082911D053185B7B9D42F9
:109AE00057D898451EDAFF2809D1127DAA4257D2CD
:109AF000D3009B1A9B00FB180721002B18D11021C3
:109B00002D4BDA7858788A43DA70002826D1042C55
:109B100011D82A4B002B0ED0200000E000BF0AE035
:109B20009845A4DB5D1BEB00254A5B1B9B009B1843
:109B300020001B69984780BCB846F0BDDE00F31AD0
:109B40009B00FB18002B9CD0F2E7DE00F31A9B0071
:109B5000FB18002B9FD0EBE7002273E700F0AAFA76
:109B6000D5E7DE00F31A9B00FB18002B9DD0DFE742
:109B7000DE00F31A9B00FB18002BA0D0D8E7DE0014
:109B8000F31A9B00FB18002BA3D0D1E70829D2D1F0
:109B9000B5E7DE00F31A9B00FB18002BA3D0C7E744
:109BA00013009045ABDB0721BCE7C0469450002072
:109BB00021770020B0470020244B00200000000047
:109BC00030BE001070B5C37884B0002B12D101AC48
:109BD0000578836800210C2220001E79FAF732F8FC
:109BE0002800FFF795FD0021207020002571667187
:109BF00001F0C2FC04B070BD10B5C37882B0002B78
:109C00000CD100780649441F2401221D521809195D
:109C10004978019300930133FFF7D6FD02B010BDE0
:109C20007C54002070B5C57888B0002D1AD1067814
:109C30000D4B721F12019B180C4A02AC9278002146
:109C40009A700B4B10220093012320000193F9F727
:109C5000F9FF6B460493074B200026700693079587
:109C6000FFF706F808B070BD7C540020644F002058
:109C700023030800799C0010F0B5C4788BB0002C49
:109C800028D1836805781A791B4F5B796E1F3601DE
:109C90001B02B91913438A789A421DD00133DBB2F3
:109CA0001A00511E8A41032152421140134A04AE48
:109CB0000A4302AF0292002110223000BB80FC80D8
:109CC000F9F7C0FF0E4B30003570069708930994E2
:109CD000FEF7CEFF0BB0F0BD321D497801232800FE
:109CE000D21901940094FFF76FFD0028F2D02800EC
:109CF000F15DFFF799FEEDE77C540020200308009A
:109D0000799C0010F0B5C57889B0002D28D10127C5
:109D1000836806781C795979721F1B4B12019B18B6
:109D20001B7A090221431F421CD0631E9C4103235E
:109D300064422340154C6F461C43FF23009402AC41
:109D40000B40102200212000BB80FD80F9F77AFF34
:109D50000F4B26702000049706930795FEF788FFA7
:109D600009B0F0BD02AD0C2200212800F9F76AFF0E
:109D70003000FFF7CDFC002128706F7028002E7195
:109D80006C7101F0F9FBEBE77C5400202003040028
:109D9000C59B001070B5C37888B0002B10D18368C4
:109DA0001C79002C0CD105781A4A6B1F1B019B18DB
:109DB000012216009B791E401A4216D19B0701D43E
:109DC00008B070BD02AC144B10220021200000939B
:109DD0000196F9F737FF6B46257004930F4B20006F
:109DE00006930796FEF744FFEAE7902302AE5B0076
:109DF000002130000F3200930194F9F723FF6B46E6
:109E000035700493054B300006930794FEF730FF3E
:109E1000D6E7C0468454002020010100F99B0010C1
:109E2000F0B5C64600B5C4788AB0002C42D183682C
:109E300005785E7918796A1F4B4B12019846944653
:109E40000121C44463460F009B7A360206431F403B
:109E5000194233D102210C001C40194252D1042175
:109E60000F001F40194245D108210C001C40194227
:109E700000D071E010210F001F40194261D0431E35
:109E800098410322394B41420A4013430293FF2376
:109E900002AF334004AEBB80102200213000FC80B2
:109EA000F9F7D0FE324B35703000069708930994CD
:109EB000FEF7DEFE0AB080BCB846F0BD431E9841F6
:109EC00041420320FF2308402A4902AF33400143A7
:109ED00004AE02911022BB8000213000FC80F9F713
:109EE000B1FE254B35703000069708930994FEF7B4
:109EF000BFFEDFE7431E98410139204B404201403D
:109F00000B43C3E7431E9841013140421C4B0140C3
:109F10000B43029302AB9846FF234246334004AC06
:109F20009380D780002110222000F9F78BFE434652
:109F3000257006930E4B200008930997FEF798FEB4
:109F4000B8E7634604325978280001234244019758
:109F50000097FFF739FCADE7431E984105394042B1
:109F6000084B0140D4E7C0467C5400202001140077
:109F7000F99B001020011000059D00102001120027
:109F80002001110020011300F0B51E000B00070096
:109F9000581E834103205B421840902389B06D46D0
:109FA0005B0003432B80002302AC6A80A98010224F
:109FB00000212000EB80F9F745FE0E9B2000277062
:109FC000049506960793FEF753FE09B0F0BDC04610
:109FD000F0B51D000B0016005A1E93410324C6461F
:109FE0005B421C40A02300B588B01C436B466A4608
:109FF00099800423009402AC07000021D380200044
:10A000000822F9F71FFE6B4604930E9B2000277071
:10A01000059606950793FEF72BFE08B080BCB84660
:10A02000F0BDC04610B5102200210248F9F70AFE23
:10A03000012010BD7C5400200120704770B5140031
:10A0400052790D00092A10D1A279002A0DD1E279A6
:10A05000012A0AD80F2B08D92678A6197378052B60
:10A0600003D1F378DB439B0701D0002070BD3100A2
:10A070002800FFF7E1FB0028F7D0A278034B053D4D
:10A080002901CA54B2785B185A70EFE77C5400205B
:10A0900010B5042806D9064A05380001101843787F
:10A0A000002B00D110BD10220021F9F7CBFDF9E7FC
:10A0B0007C540020411F084B09010A1DD2185B186F
:10A0C0005978002300B583B0019300930133FFF763
:10A0D0007BFB03B000BDC0467C54002070B5421F1E
:10A0E0000F4B1201D35C040088B000208B4201D0DA
:10A0F00008B070BD6A460B4B6E4603CB03C2150019
:10A10000002118222800F9F79DFD074B2800EB607D
:10A11000064B2C70AE602B61FEF7AAFDE8E7C04647
:10A120007C54002068BE0010644F0020259C001065
:10A13000F0B54746CE4680B5060017008BB0002A22
:10A1400000D06EE03D4B441F24019846A146C14417
:10A150004B461D79002D66D0EB0737D44B469A78D5
:10A1600001200123002A04D155E00133DBB29342E0
:10A1700051D82900D9400842F7D019004A1E914110
:10A18000032249420A40A0210A43029202AA938074
:10A190000423914604ADD380002108222800F9F75A
:10A1A00051FD4B462E7027000693254B0837089328
:10A1B00000234744280007970993FEF759FD00281C
:10A1C00029D1221D4444617842441EE0A023029319
:10A1D000802304ADDB020822002128000393F9F755
:10A1E00031FD02AB2E70069323000C3343440793DA
:10A1F000144B280008930997FEF73AFD00280AD16E
:10A200004B460434220059784244019000900123C7
:10A210003000FFF7D9FA01200BB0C0BCB946B046F8
:10A22000F0BD0020F8E704342200597842440123AD
:10A2300001950095FFF7C8FAEEE7C0467C54002070
:10A24000219E0010959D0010F0B54646D6464F461B
:10A25000C0B58268060053788CB00A3B012B02D946
:10A26000C378002B24D1814C537917793578227823
:10A270001B023B43AA4249D0A27BAA4200D173E011
:10A28000227FAA4200D177E02A22A25CAA4215D0FE
:10A290003822A25CAA4219D04622A25CAA421DD052
:10A2A0005422A25CAA4221D06222A25CAA4225D0FA
:10A2B0000CB0E0BCBA46B146A846F0BD2B22A25C69
:10A2C000BA42E5D103229146904625E03922A25CAC
:10A2D000BA42E1D10422914690461DE04722A25C99
:10A2E000BA42DDD105229146904615E05522A25C86
:10A2F000BA42D9D10622914690460DE06322A25C73
:10A30000BA42D5D107229146904605E06278BA421A
:10A31000B2D1002291469046002DC9D07269022A1E
:10A320007BD031D8002A58D043464246DB009B1AE6
:10A330005B00E3185B7804AEB38000234C4A4D49C0
:10A34000127806AC31807280F38010220021200048
:10A35000F9F778FC484B25700A93022320000896F1
:10A360000B93FEF785FCA3E7E27BBA4200D087E7B8
:10A37000012291469046CFE7627FBA4200D083E740
:10A38000022291469046C7E7032A00D090E7FFF7E4
:10A39000CFF943464246DB00991A49009A46635C6E
:10A3A000AB4200D084E7B36861189A79DB791B026D
:10A3B000134301220A71314A002A04D0020049469F
:10A3C0002800F6F71FF8534642469B1A5B00E31835
:10A3D00028005978FFF728FB6AE741464046C90044
:10A3E000091A490061184E7904AF71424E4124495F
:10A3F00006AC0491FF210B40BB80FA8000211022A3
:10A400002000F9F71FFC1C4B25700136200008972F
:10A410000A930B96FEF72CFC4AE743464246DB00C4
:10A420009E1A9A4680237600A61932895B009A42CA
:10A430000BD9FF3B3371114B002BC4D000230022FA
:10A4400049462800F5F7DEFFBDE7F479FFF770F91C
:10A4500003230393084B22000293338939000193AD
:10A46000009000232800FFF72FFA21E71042002078
:10A4700022770020210B000049A2001005040010E3
:10A48000210A0000030010B500280CD007290AD8C3
:10A49000CA00521A054C5200115D0020994201D1A8
:10A4A000A418607910BD0020FCE7C04610420020CF
:10A4B00070B50C0082B000280FD007290DD8CB0052
:10A4C000104E5B1A5B009D5D854206D1F618280090
:10A4D000B178FFF731F9002802D1002002B070BD39
:10A4E00000200949E20173895218B1780190009067
:10A4F0002800FFF769F90028F0D12800B178FFF7AC
:10A500003FF9EAE710420020644B002010B57022AA
:10A5100000210248F9F796FB012010BD10420020EF
:10A5200001207047474A70B50D0011780400814240
:10A530001BD0917BA14221D0117FA14237D02A218B
:10A54000515CA1423CD03821515CA14243D046210C
:10A55000515CA1424AD05421515CA14251D06221A8
:10A56000515C0020A14257D070BD9178A94202D021
:10A57000D178A942DDD10021002207E0117CA94257
:10A5800002D0517CA942D7D101210122002C57D001
:10A59000ED09012D4BD02C48002806D02B48D201C4
:10A5A00012189BB2200000E000BF0120DCE7917F81
:10A5B000A94202D0D17FA942C1D102210222E5E7FE
:10A5C0002C21515CA94203D02D21515CA942BAD162
:10A5D00003210322DAE73A21515CA94203D03B214F
:10A5E000515CA942B3D104210422CFE74821515C38
:10A5F000A94203D04921515CA942ACD105210522D1
:10A60000C4E75621515CA94203D05721515CA942AD
:10A61000A5D106210622B9E76421515CA94203D0E5
:10A620006521525CAA429FD107210722AEE7084864
:10A63000D20112189BB22000F5F744FF012093E7E6
:10A64000002091E71042002000000000A44B0020F1
:10A65000644B002070B54E4D04002B7883421BD014
:10A66000AB7BA34226D02B7FA34232D02A23EB5CC4
:10A67000A3423ED03823EB5CA3424AD04623EB5C96
:10A68000A34256D05423EB5CA34262D06223EB5C1E
:10A69000A34200D16EE070BD3E4B002B02D00021E2
:10A6A000F5F7FAFE0E2200212800F9F7CBFAAB7B72
:10A6B000A342D8D1374B002B03D001212000F5F75E
:10A6C000EBFE0E2200213448F9F7BCFA2B7FA3429F
:10A6D000CCD1304B002B03D002212000F5F7DCFE5B
:10A6E0000E2200212D48F9F7ADFA2A23EB5CA34294
:10A6F000C0D1284B002B03D003212000F5F7CCFE5E
:10A700000E2200212648F9F79DFA3823EB5CA3427C
:10A71000B4D1204B002B03D004212000F5F7BCFE60
:10A720000E2200211F48F9F78DFA4623EB5CA34265
:10A73000A8D1184B002B03D005212000F5F7ACFE63
:10A740000E2200211848F9F77DFA5423EB5CA3424E
:10A750009CD1104B002B03D006212000F5F79CFE66
:10A760000E2200211148F9F76DFA6223EB5CA34237
:10A7700000D090E7074B002B03D007212000F5F70E
:10A780008BFE0E2200210A48F9F75CFA83E7C046E7
:10A7900010420020990400101E4200202C4200208C
:10A7A0003A420020484200205642002064420020E5
:10A7B00072420020F0B54E46DE4657464546E0B5AB
:10A7C000140052790E0083B0032A30D12179CA00D7
:10A7D000521A123292B29A4229D82778E7197B7816
:10A7E000212B24D1484B98461B78002B00D175E0D3
:10A7F00043469B7B002B00D173E043461B7F002B1D
:10A8000000D171E02A234246D35C002B6FD038235D
:10A81000D35C002B6ED04623D35C002B6DD0542329
:10A82000D35C002B6CD06223D35C002B07D00020BC
:10A8300003B0F0BCBB46B246A946A046F0BD073304
:10A840009B465B465A46DB0001939B1A42465B00DF
:10A85000D65400223D78434491469A467D190029FA
:10A860000BD121E05146CA708B812B78ED18012362
:10A870009C462379E1444B4516DD6B78052BD6D1F8
:10A8800029003000FEF7D8FF0028D0D06B79297955
:10A890001B020B43AA785B055B0DD1090129E1D1AD
:10A8A00051468A704B81E0E75A46019B9B1A5B0038
:10A8B000A27843445A70BA79DA713A7AF979120275
:10A8C0000A431A81114A12789A71A279012A01D099
:10A8D0000120ADE7E27901205A71A9E700239B46E8
:10A8E000AFE701239B46ACE702239B46A9E703237E
:10A8F0009B46A6E704239B46A3E705239B46A0E7C8
:10A9000006239B469DE7C046104200202277002088
:10A91000F0B5374B04001A7889B082421CD09A7B7C
:10A92000A2423CD01A7FA2423ED02A229A5CA24286
:10A930003FD038229A5CA24241D046229A5CA24281
:10A9400043D054229A5CA24245D062229A5CA24231
:10A9500047D0012009B0F0BD5A788A42DFD10020EB
:10A96000002CF6D0C200121A52009B185E796F4676
:10A9700073425E411F4B02AD00930023B980102249
:10A9800000212800FB80F9F75DF91B4B01362800F8
:10A990002C70049706930796FEF76AF9D9E7DA7BDD
:10A9A0008A42BFD10120DBE75A7F8A42BDD1022013
:10A9B000D6E72B229A5C8A42BBD10320D0E739220A
:10A9C0009A5C8A42B9D10420CAE747229A5C8A423B
:10A9D000B7D10520C4E755229A5C8A42B5D106203A
:10A9E000BEE763229A5C8A42B3D10720B8E7C0462B
:10A9F00010420020210A000049A20010030010B5F7
:10AA00000A0003490868190000F004F810BDC046A8
:10AA1000B840002070B50B0C0024150C002B28D179
:10AA2000002D3CD18BB291B2594300F051F8051E74
:10AA300033D00300083B5A6803239A43043A242A7C
:10AA400012D80300132A0AD90460446008331B2A71
:10AA500005D98460C460242A2AD003001033002260
:10AA60001A605A609A6002E00021F9F7EBF82800BA
:10AA700070BD002D16D1151C89B292B24A43ADB2F9
:10AA80009BB26B43110C5B18190C0BD1190492B2D9
:10AA9000114300F01DF8051ECBD10025E7E72B1C64
:10AAA0000D1CE9E700F07EFB0C2300250360DEE7C8
:10AAB0000300046118334461D1E7C04610B5034B6D
:10AAC0000100186800F004F810BDC046B84000202E
:10AAD000F0B54E464546DE465746E0B50D000B350F
:10AAE000060085B0162D21D8102900D9D4E000F039
:10AAF000D5FA102518230221CA4FFB181A005C68EA
:10AB0000083A944200D186E103226368A168934326
:10AB1000E268CA6091600121E3185A6830000A4374
:10AB20005A6000F0C3FA20000830B8E007239D43C4
:10AB300000D5B1E0A94200D9AEE000F0AFFAFC23A5
:10AB40005B009D4200D2E0E1690A00D1AEE0042939
:10AB500000D9A1E138239846A90988443931CB00AE
:10AB6000082252429446AF4FFB189C446346DC686F
:10AB7000A44514D0032399460B0061469C4607E088
:10AB8000E068002A00DB40E1814200D141E104009D
:10AB90004A46636893435A1B0F2AF1DD41463A0047
:10ABA0003C690832944200D11EE10320636883436C
:10ABB000581B0F2800DDACE13A617A610028AADA5F
:10ABC0007A68904680229200934200D336E1DA08F8
:10ABD000580901238340404618438046D300DB19BF
:10ABE0009A687860E360A2609C60D46001208B105A
:10ABF0009840404562D8434603420AD10323994313
:10AC0000434640000431034203D140000431034273
:10AC1000FBD00323B3469C460E00B8460190F000DB
:10AC200040440100B246CB680BE064465A681F00FE
:10AC3000A243DB68541B0F2C00DD39E1002C00DB44
:10AC400053E19942F1D101239946CA445346083150
:10AC50009B07E8D1032205E003680838013E8342E0
:10AC600000D013E23242F7D14346019A5B68934326
:10AC700042465360019A520001929A421CD8002A1F
:10AC800006D119E004229146019ACA445200019269
:10AC90001342F7D05646C2E70C233360002005B0BC
:10ACA000F0BCBB46B246A946A046F0BD80233F2279
:10ACB000402190469B0053E75E4647460322BC680E
:10ACC000636893439846AB4203D35B1B0F2B00DDB5
:10ACD0008DE0230043440293534B08201B6810333C
:10ACE0005B19019300F068FA504903900B688A469B
:10ACF000013306D08446019B4242013B634413402A
:10AD000001933000019900F03BFA030081460133C2
:10AD100000D11CE1029B834200D916E1444B02980A
:10AD20009B461A68019B59469C4662440A600399F7
:10AD30000139484500D157E153461B68013300D122
:10AD40005EE14B4602981B1A9B185A461360072374
:10AD50004A4648461A400292184200D115E103982B
:10AD6000013384469B1A019A99444A4401926344F0
:10AD70000A409B1A194030008A4600F001FA431C31
:10AD800000D158E14B46C01A0300534401935B467F
:10AD90001A68012052441A604B464946BB60019B29
:10ADA00003434B60BC4213D043460F2B00D82BE12A
:10ADB00007210C3B8B43616801400520194361600A
:10ADC000E118486088600F2B00D93FE14B465B6873
:10ADD00018490868904200D20A60174908689042F2
:10ADE00000D20A604C46B4E07B689846FEE6012239
:10ADF000290013431143651961603000BD606B6029
:10AE000000F054F92000083049E7A268D060826061
:10AE100081E66146C3E6DC680231A34200D1BEE6AA
:10AE200072E6C046B03C00206C460020A43C0020E6
:10AE30003C46002064460020684600205A0A042A46
:10AE40007CD9142A00D9B0E010005B3082465C3215
:10AE5000D200082040428446BA1894446246926860
:10AE60000B308146944500D186E00800A246614639
:10AE7000844602E09268914204D04C465068A04358
:10AE80009842F7D8D368614654469C466346A26010
:10AE9000E3609C60D460A9E6142967D9542900D9DD
:10AEA0008CE06E239846290B88446F31CB0057E61F
:10AEB000BA4601205146844649190543504645602B
:10AEC000856847466046EB605E469D605346396143
:10AED0007961204308374860CF6030008F609C5014
:10AEE00000F0E4F850460830D9E6BA4601205E4644
:10AEF0005244516801435160BA683000D3609A608F
:10AF000000F0D4F838000830C9E62B00E90808330F
:10AF1000F2E56119884601218C460D434146656082
:10AF200039617961CA608A60624602434A60E050D2
:10AF3000300000F0BBF820000830B0E69A0910009D
:10AF4000393238308246D20083E7BC4241D0BC68F7
:10AF50006368032293431A005B1BAA4202D30F2BA0
:10AF600000DD44E7300000F0A1F897E65B23984647
:10AF700088445C31CB00F3E55346981001238340AD
:10AF8000404618438046786080E7019B039A4B4413
:10AF90000B40D31A194030008A4600F0F1F8431CE8
:10AFA00000D0EFE600239A46F1E6542A2ED81A0B79
:10AFB00010006F326E308246D2004AE7AA235B004F
:10AFC00099422ED8DD3B9846E90B88447831CB0076
:10AFD000C6E5304B9B461A68019B9C465B46624423
:10AFE0001A60039B591EA7E64846084200D0A3E614
:10AFF000B9684344894601210B4349464B60E7E663
:10B0000053464A461A60A2E64860ABE7AA204000D1
:10B01000824226D8DA0B1000783277308246D2008E
:10B0200017E71D4B994226D87C239846A90C8844E3
:10B030007D31CB0094E5019A029B94464A46083B39
:10B0400063449B1A019300239A46A0E62100300036
:10B05000083100F047F95B461A68BB6899465B689F
:10B06000B6E60D4882420CD89A0C10007D327C3036
:10B070008246D200EDE6FE237E227F2190469B0091
:10B080006EE5FE227E2092008246E2E643465B6841
:10B09000F0E5C0463C4600205405000010B50248CB
:10B0A00000F086F810BDC0463846002010B50248B2
:10B0B00000F080F810BDC04638460020F0B5CE46FE
:10B0C000474680B588420DD98B1898420AD2531E44
:10B0D000002A03D0CA5CC254013BFBD2C0BCB946B3
:10B0E000B046F0BD0F2A0BD80500561E002AF5D039
:10B0F0000023CC5C1A00EC5401339642F9D1EDE701
:10B1000003000B4388469B0734D110261700B14635
:10B110000C000300103F3F093F01C519A9442668F0
:10B120001E6066685E60A6689E60E6681034DE6039
:10B130001E001033AE42F2D1CF1939000F230C2676
:10B1400010318C461340164217D04446043B9B08EE
:10B150009B00FF181437061B0C688D1904312C60F6
:10B16000B942F9D16146043359184B441D000323F9
:10B170001A40BAE70500561EBAE74D461A00B4E772
:10B18000002370B5064C050008002360FAF7FCF9AF
:10B19000431C00D070BD2368002BFBD02B60F9E767
:10B1A00070540020014B18687047C046B84000201A
:10B1B0007047C0467047C046802310B55B01082821
:10B1C00001D1180010BDFFF7EDFF16230360173BF8
:10B1D000F7E7C04610B583070AD00300032102E059
:10B1E00001330B4205D01A78002AF9D1181A10BD84
:10B1F000030019680C4A0D4C8A188A4322420FD169
:10B200005968094A04338A188A43224208D1596886
:10B21000054A04338A188A432242F1D000E0013300
:10B220001A78002AFBD1E1E7FFFEFEFE80808080D5
:10B23000F0B5C646060000B508200D00FFF7BCFFBC
:10B2400004003000FFF72AFF234B210098469B683B
:10B250005F6803239F4338001138401B0019F7F73C
:10B26000D1FD451E6543AC4208DC00213000FFF7EC
:10B2700087FF43469B68DB19984206D03000FFF7F2
:10B2800015FF002080BCB846F0BD30006942FFF7D2
:10B2900077FF01300ED0012243467F1B9B68174386
:10B2A0000E4A5F60136830005B1B1360FFF7FEFE01
:10B2B0000120E7E700213000FFF762FF43469A686C
:10B2C000831A0F2BDADD064C04492468001B086042
:10B2D00001210B435360D1E7B03C00203C460020E5
:10B2E000A43C0020F0B5D6464F46464605000C006B
:10B2F000C0B5002948D0FFF7D1FE21000127083949
:10B300004B6803209C46BB43CE187268824360465C
:10B31000384080466A4891468468B44200D17CE057
:10B320007260B41864683C40A2464446002C30D198
:10B330000C68A446091B8C686344A4460824A046F4
:10B340008044C4455CD0CC68A04664464246E26076
:10B3500094605246002A1FD01F434F603360802202
:10B360009200934230D2DA085C090123A34044687A
:10B3700023434360D3001B189A68CB608A609960AE
:10B38000D1602800FFF792FEE0BCBA46B146A8465D
:10B39000F0BD5246002A0FD101224B44CF18BC46C3
:10B3A000B468484F1A43BC425BD0F668E660B460AC
:10B3B0004A6062461360D2E762463A434A6080229E
:10B3C000336092009342CED35C0A042C3FD89C0990
:10B3D000260039343836E40004192268083C032773
:10B3E000944203D14EE09268944203D05068B8432F
:10B3F0009842F8D8D468CC608A60A160D160C0E778
:10B400005246002A35D14B441A00B068F3681743FE
:10B41000C36098604F608A50B3E74B441A004346BC
:10B42000002B06D10B68C91A8C68D218CB68E36070
:10B430009C60012313434B60234B81601B68934244
:10B440009FD8224B28001968FFF7F2FE99E7142CC9
:10B4500013D9542C1DD81C0B26006F346E36E40013
:10B46000BAE7E160A1604A606246CC608C6013601C
:10B4700087E71F434F60336083E726005C345B3609
:10B48000E400A9E70123B610B340466833434360A4
:10B49000B1E7AA225200944205D8DC0B260078348A
:10B4A0007736E40098E70A4A944205D89C0C2600B7
:10B4B0007D347C36E4008FE7FE247E26A4008BE7F3
:10B4C000B03C0020B83C0020A83C00206C46002086
:10B4D00054050000F8B5C04601B40248844601BCDA
:10B4E000604700BF6936002001B40248844601BCB1
:10B4F000604700BF5515002001B40248844601BCD6
:10B50000604700BF4103002001B40248844601BCEB
:10B51000604700BFFD39002001B40248844601BCE9
:10B52000604700BF6D0A002001B40248844601BC98
:10B53000604700BFD50F002001B40248844601BC1B
:10B54000604700BFFD39002001B40248844601BCB9
:10B55000604700BF6520002001B40248844601BC5A
:10B56000604700BFB502002001B40248844601BC18
:10B57000604700BF1D02002001B40248844601BCA0
:10B58000604700BF8539002001B40248844601BCF1
:10B59000604700BFF936002001B40248844601BC70
:10B5A000604700BF4520002001B40248844601BC2A
:10B5B000604700BF4136002001B40248844601BC08
:10B5C000604700BF652E002001B40248844601BCDC
:10B5D000604700BFA936002001B40248844601BC80
:10B5E000604700BFD9010020892B0010B52B001047
:10B5F000992D0010353C001049340010253B0010F7
:10B60000C12C0010D12B0010F12B0010052C0010C4
:10B61000C11700100D2C0010791B0010292B0010F1
:08B6200055140010B1020010E6
:10B6280053797374656D20636C6F636B206F66204C
:10B638002575206B487A2063616E6E6F7420626591
:10B648002065786163746C792061636869657665E3
:10B65800640000005B253034783A253034785D5B2F
:10B6680025755D2048494420496E7465726661639A
:10B678006525752C2050726F746F636F6C203D20A8
:10B6880025730D0A000000004572726F723A20633C
:10B69800616E6E6F74207265717565737420726562
:10B6A800706F72740D0A00005B25755D204849446F
:10B6B80020496E746572666163652575206973201B
:10B6C800756E6D6F756E7465640D0A004E6F6E65EC
:10B6D800000000004B6579626F6172640000000031
:10B6E8004D6F75736500000054696E7955534200BB
:10B6F80054696E7955534220446576696365000044
:10B7080031323334353637383930313200000000C1
:10B7180054696E7955534220434443000A2A2A2A21
:10B728002050414E4943202A2A2A0A000A000000D4
:10B738004E6F207370696E6C6F636B7320617265F6
:10B7480020617661696C61626C65000048617264B1
:10B758007761726520616C61726D20256420616C6F
:10B76800726561647920636C61696D6564000000CD
:10B778004861726420617373657274004F75742038
:10B788006F66206D656D6F727900000052656C659B
:10B7980061736500626F6F74325F7732357130386C
:10B7A80030000000322E322E300000007069636FC6
:10B7B800000000005553425F4849445F536E696674
:10B7C800666572004A756C20313520323032360099
:10B7D800666E692B00000000666E69006E616E007F
:10B7E800666E692D0000000063616E6E6F742066DE
:10B7F800696E6420657020307830300D00000000DC
:10B808006E6F20656E64706F696E742030782530B5
:10B8180032580D0A0000000050494F203120534D86
:10B8280020282564202D20342920616C72656164EC
:10B838007920636C61696D656400000050494F2090
:10B848003020534D20256420616C72656164792035
:10B85800636C61696D656400444D41206368616E85
:10B868006E656C20256420697320616C7265616463
:10B878007920636C61696D6564000000556E6861CC
:10B888006E646C65642049525120307825780A002E
:10B89800657020253032582077617320616C72659D
:10B8A80061647920617661696C61626C6500000091
:10B8B80043616E277420636F6E74696E75652078B6
:10B8C800666572206F6E20696E61637469766520A3
:10B8D8006570202530325800000000000001020089
:10B8E80000000000FFFF0000D4B60010DCB6001016
:10B8F800E8B6001009040000090264000301008092
:10B9080032080B00020202000009040000010202D2
:10B918000004052400200105240100010424020676
:10B928000524060001070581030800100904010029
:10B93800020A000000070502024000000705820213
:10B948004000000904020001030000000921110160
:10B958000001229200070583031000010501090672
:10B96800A1018501050719E029E7150025019508BA
:10B9780075018102950175088101050819012905DC
:10B988009505750191029501750391010507190047
:10B998002AFF00150026FF00950675088100C005DE
:10B9A800010902A10185020901A10005091901295E
:10B9B800051500250195057501810295017503811D
:10B9C800010501093009311581257F950275088126
:10B9D8000609381581257F950175088106050C0A29
:10B9E80038021581257F950175088106C0C00000C1
:10B9F80012010002EF020140FECA054000010102E7
:10BA08000301000006005250D3F0754294B70010AD
:10BA180006005250E182887F9CB700100600525001
:10BA2800ABB36053ACB7001006005250BBFF3CB636
:10BA3800B4B7001006005250861C0302BCB70010B1
:10BA4800060052505422A29DCCB700100500525057
:10BA5800DE65F468DCFF0010FC490010AC490010FA
:10BA6800AC490010F4490010AC490010AC49001072
:10BA7800AC490010AC490010AC490010AC490010AA
:10BA8800AC490010EC490010AC490010E449001022
:10BA9800AC490010AC490010DC4900101C4C0010E7
:10BAA800124A00100C4C0010124A0010F64B0010FD
:10BAB800124A0010124A0010124A0010124A0010CE
:10BAC800124A0010124A0010124A0010044A0010CC
:10BAD800124A0010124A0010124A0010124A0010AE
:10BAE800124A0010044A0010BA4C001066490010AF
:10BAF8006649001066490010664900106649001042
:10BB08006649001066490010664900106649001031
:10BB18006649001066490010664900106649001021
:10BB28006649001066490010664900106649001011
:10BB38006649001066490010664900106649001001
:10BB480066490010664900106649001066490010F1
:10BB580066490010664900106649001066490010E1
:10BB68006649001066490010304C0010884C0010DF
:10BB7800304C0010664900106649001066490010F4
:10BB880066490010664900106649001066490010B1
:10BB980066490010664900106649001066490010A1
:10BBA8006649001066490010664900106649001091
:10BBB80066490010CA4E0010664900106649001018
:10BBC8006649001066490010664900106649001071
:10BBD800664900106649001066490010CA4E0010F8
:10BBE800CC4C0010CA4E0010304C0010884C00108D
:10BBF800304C001000000000000000000000F03F82
:10BC0800000000000000244000000000000059402F
:10BC18000000000000408F40000000000088C34082
:10BC280000000000006AF8400000000080842E41F7
:10BC380000000000D01263410000000084D7974143
:10BC48000000000065CDCD410D0A00005CBC00106D
:10BC58000AFF000046E0C4206600C70028106140C3
:10BC680029A02518E140810078BC00100AFF0000D7
:10BC780046E0C4206600C7002800614029A02500CE
:10BC8800E140810094BC001011FF000022C0C110E7
:10BC980003C104C1CC10CC10CC10CC10CC10CC10EB
:10BCA80026B14010C3B104C00140CA00061000000C
:10BCB800C0BC001011FF000022C0C10003C104C1B4
:10BCC800CC00CC00CC00CC00CC00CC0026A140009D
:10BCD800C3A104C00140CA0006000000306C001077
:10BCE800986D0010E86D0010706D0010826D0010E6
:10BCF800606D0010D06C00107C6C0010706C00102F
:10BD08005271001038710010086F00107271001025
:10BD1800086F0010207100100C710010086F0010DF
:10BD2800F8700010FE6F0010086F0010DE7300102E
:10BD3800D0730010C4730010086F0010086F001053
:10BD4800AE730010D0730010086F0010086F001059
:10BD5800086F0010086F0010086F0010086F0010BF
:10BD6800086F001064730010C6370020C637002023
:10BD78001038002030380020743800208638002021
:10BD8800BC3700200000000055790010D179001060
:10BD9800017A00104D7A0010F17A0010D97B00105A
:10BDA8000000000000000000F57D0010097E001072
:10BDB8000D7E0010217E0010AD7E00104580001021
:10BDC80000000000BE7E0010A87F0010967F0010C3
:10BDD800847F0010BE7E0010BE7E0010BE7E001064
:10BDE800BE7E0010BE7E0010467F00102A7F001025
:10BDF800167F0010E6940010E69400104A91001097
:10BE080086910010E6940010DC910010F691001065
:10BE180012920010A29200102C9300108093001030
:10BE2800BE93001014940010000000000DA500102F
:10BE380021A50010B5A7001011A9001025A5001014
:10BE480055A600100000000025A0001039A0001021
:10BE58003DA00010DDA0001031A1001091A000103D
:08BE6800A00600000000090023
:10BE70000CBA001018BA001024BA001030BA001022
:0CBE80003CBA001048BA001054BA001080
:10BE8C00F0B54E4657464546DE460B68E0B599463A
:10BE9C00012387B000249A461C4D009003AE0191FB
:10BEAC0003E00134BC35202C23D053464A46A34032
:10BEBC001A42F6D02B00BA3B5A781F79D2B22B8893
:10BECC0090460021082230009B4603F091FC02238F
:10BEDC0073704346B370009B012173715B46300055
:10BEEC00FFB201343771B360BC3503F02BFC202C4E
:10BEFC00DBD14A46019F3B6893433B6007B0F0BCE3
:10BF0C00BB46B246A946A046F0BDC046AA5D00207D
:10BF1C0070B544001F4B24182401E4186569461CB5
:10BF2C0084B0F6B2AB060CD42B0611D46B0616D427
:10BF3C00EB071BD4AB0723D46369AB43636104B039
:10BF4C0070BD210000201831FFF79AFF2B06EDD5AC
:10BF5C00210002202031FFF793FF6B06E8D521006A
:10BF6C0001201C31FFF78CFFEB07E3D5002301A860
:10BF7C00437083800121067003F0E4FBAB07DBD533
:10BF8C00012301A84370002301210670838003F074
:10BF9C00D9FBD1E770740020D02330B500251B06E7
:10BFAC0000245D5705E0BFF35F8F1C6081F31088A0
:10BFBC0020BF0268EFF3108172B61368002BFCD01F
:10BFCC00BFF35F8F027903687F2AECD90571BFF349
:10BFDC005F8F00221A6081F3108830BDF0B5C64621
:10BFEC00150000B504001E000268EFF3108172B654
:10BFFC001368002BFCD0BFF35F8F0423E356226839
:10C00C00002B2BDBBFF35F8F0020106081F31088B7
:10C01C00D02212061278002752B290469A420ED1C4
:10C02C00002080BCB846F0BDBFF35F8F176081F372
:10C03C0010882800310003F05BFC0028F0D1226846
:10C04C00EFF3108172B61368002BFCD0BFF35F8F37
:10C05C00237922687F2BE7D9434602E0D0231B06C5
:10C06C001B682371BFF35F8F0023136081F310886B
:10C07C000120D6E7F0B5C64600B50D00040003F06C
:10C08C009FFBFA2206000F000023280000219200DB
:10C09C0003F0CEFB36184F41002F02DA0126174F62
:10C0AC007642D0231B061B68002598460AE0BFF396
:10C0BC005F8F156081F310883000390003F018FC95
:10C0CC00002818D12268EFF3108172B61368002B88
:10C0DC00FCD0BFF35F8F237922687F2BE7D94346CF
:10C0EC002371BFF35F8F0023136081F3108801204D
:10C0FC0080BCB846F0BD0020FAE7C046FFFFFF7FCA
:10C10C000268EFF3108172B61368002BFCD0BFF3FA
:10C11C005F8FFF2303710368BFF35F8F00221A60E8
:10C12C0081F3108840BF70479A421CD24B005B18B9
:10C13C00DB00C018DC300168194B19408023114317
:10C14C009B030B4303600168164B194053011943C1
:10C15C0080231B050B4303600368134992020B40B9
:10C16C001343036070474A005218D2008018DC3029
:10C17C0001680B4A11408022194392030A43026062
:10C18C000168084A11405A011143802212050A43E2
:10C19C000260026804499B020A4013430360E1E712
:10C1AC00E0FF0FFC1FFCFFE3FF83FFFFF0B55746DA
:10C1BC004E464546DE464A214822036CE0B584686B
:10C1CC001D6803682D88A4001C1983B0A564415C0C
:10C1DC00825A090212041143012291464268C56831
:10C1EC009446A022D2059246876AAD015544BA46C0
:10C1FC00C827624688466146BB4652005118C900A2
:10C20C002E4E59188B445F46019646463E60564664
:10C21C00D8310E604946019F196304312F60E961E2
:10C22C000125196B0D42FBD06146012618318E4059
:10C23C009E6099680E42FCD0012166460D00B54007
:10C24C006244AC4659254155073DAA46023DA946D4
:10C25C00C56B66462D68C7692D88B940AB461D680D
:10C26C00D200B5431D605D46A56454464D46045D41
:10C27C00455B9A182D0424022C43C83214601A68AA
:10C28C00542532431A6002697B001468DB198C4315
:10C29C0014605624455B045DDB00D31820022D048A
:10C2AC00C8332843186013680B43136003B0F0BC09
:10C2BC00BB46B246A946A046F0BDC046E07400207D
:10C2CC000123F0B54546DE4657464E4698460300D8
:10C2DC000122E0B5043383B00090019306240023BF
:10C2EC0000209446B7E04346002B00D10FE2032315
:10C2FC0000241E43F6B206239B46AB0899460670F3
:10C30C004B460227D8B20B5C6E1C9B000818DBB2A4
:10C31C00B6B2174200D0C9E1002C00D109E20324C7
:10C32C0023430024A346DBB2037006239946B308CB
:10C33C00984643460420DCB20B5D751C9B000C191F
:10C34C00DBB2ADB2104200D08DE15846002800D1CE
:10C35C0002E20320034300208146DBB22370062354
:10C36C009A46A8080824C0B20B5C6E1C9B000818E7
:10C37C00DBB2B6B2144200D051E14C46002C00D1D5
:10C38C00FEE1032423430024A246DBB20370062300
:10C39C009846B408E4B20B5D751C9B000C19DBB21B
:10C3AC00ADB2D00600D516E15046002800D1FBE115
:10C3BC000320034300208046DBB2237006239946FA
:10C3CC00A808C0B20B5C6E1C9B000818DBB2B6B29E
:10C3DC00940600D5DBE04446002C00D111E2032486
:10C3EC0023430024A146DBB2037006239A46B4080B
:10C3FC00E4B20B5D751C9B000C19DBB2ADB25006A0
:10C40C0000D5A1E04846002800D1E0E10320034319
:10C41C0000208246DBB2237006239846A808C0B2DF
:10C42C000E5C6B1CB600D409F6B20A189BB2002C39
:10C43C0041D15046002800D1CFE103200643002013
:10C44C008046F6B2062416709808009A019D0132B7
:10C45C000092954252D00127C0B2009A0E5C12781D
:10C46C00B6005D1C0818F6B2ADB2174200D13AE71F
:10C47C00AF08B946FFB2BA46671EBB4647468A4468
:10C48C00002F00D196E164462643067058460028DA
:10C49C000FD1504603240078800020430024C0B202
:10C4AC005546023328709DB206239B46AB0899462D
:10C4BC0026E7444624E79808C4B2A14657464446AA
:10C4CC008944013C002F00D18DE167463E43167034
:10C4DC00002C37D14B4603221B789B0013430022C0
:10C4EC009046DBB24A4602351370009AABB2019DFE
:10C4FC0001320624980800929542ACD10224C0B2B5
:10C50C000A5C012692000A545A1C9205120E885C91
:10C51C000233800020439BB2885403251800820804
:10C52C00D2B28B5C441C9B0033438B54A0B22C4284
:10C53C00F5D18308D8B203B0F0BCBB46B246A946CD
:10C54C00A046F0BDD04680E7A808C7B2BB4601277D
:10C55C007F425744B8464F468B44002F00D156E1DA
:10C56C0067463B4323704346002B00D05CE15B469F
:10C57C0003201B789B00034300208246DBB2584605
:10C58C00037006230236B5B29846A80847E7B408EC
:10C59C00E7B2BB4601277F424F44BA4647468B441D
:10C5AC00002F00D1F2E067463B4303705346002B4B
:10C5BC000FD15B4603201B789B0003430020814670
:10C5CC00DBB25846037006230235AEB29A46B40865
:10C5DC000EE7C1460CE7A808C7B2BB4601277F424D
:10C5EC004744B94657468B44002F00D1BAE0674602
:10C5FC003B4323704B46002B0FD15B4603201B782B
:10C60C009B00034300208046DBB258460370062390
:10C61C000236B5B29946A808D3E6D046D1E6B4089E
:10C62C00E7B2BB4601277F425744B8464F468B447E
:10C63C00002F00D183E067463B4303704346002B39
:10C64C000FD15B4603201B789B00034300208246DE
:10C65C00DBB25846037006230235AEB29846B408D6
:10C66C0098E6CA4696E6A808C7B2B84601277F42A4
:10C67C004F44BA465F468844002F4DD067463B4333
:10C68C0023705346002B0FD1434603201B789B008D
:10C69C00034300208146DBB240460370062302367A
:10C6AC00B5B29A46A8085DE6D9465BE6B708B84627
:10C6BC00FFB2BA4601277F425F44B9468A44002C38
:10C6CC0018D067463B4303704B46002B10D15346A2
:10C6DC0003201B789B00034300208346DBB25046AB
:10C6EC00037006230235AEB29946B308984620E68D
:10C6FC00A3461EE603273B4303705B46012BF7D191
:10C70C00534660461B789B000343DBB2E7E7634666
:10C71C001E430124F6B2EEE503273B4323704B4640
:10C72C00012BC1D1434660461B789B000343DBB20F
:10C73C00B2E7644623430124DBB2A346F4E50327A6
:10C74C003B4303705346012B8BD15B4660461B78F1
:10C75C009B000343DBB27CE7604603430120DBB262
:10C76C008146FBE503273B4323704346012B00D056
:10C77C0053E75B4660461B789B000343DBB244E700
:10C78C00644623430124DBB2A246FFE503273B4367
:10C79C0003704B46012B00D01BE75B4660461B78B1
:10C7AC009B000343DBB20CE7604603430120DBB282
:10C7BC00804602E603273E430670012C00D078E643
:10C7CC0050466546007880002843C0B268E6604653
:10C7DC0003430120DBB282461DE66046064301207E
:10C7EC00F6B280462EE603273E4316704246012AD7
:10C7FC0000D0A7E64B4662461B789B001343DBB286
:10C80C0070E6644623430124DBB2A146ECE5032722
:10C81C003B4323705346012B06D15B4660461B7885
:10C82C009B000343DBB2AAE6CA46F8E50123F0B548
:10C83C004546DE4657464E46984603000122E0B573
:10C84C00023383B000900193062400230020944609
:10C85C00B7E04346002B00D10DE2032300241E4316
:10C86C00F6B206239B46AB08994606704B46022748
:10C87C00D8B20B5C6E1C9B000818DBB2B6B2174228
:10C88C0000D0C7E1002C00D107E20324234300248D
:10C89C00A346DBB2037006239946B3089846434679
:10C8AC000420DCB20B5D751C9B000C19DBB2ADB225
:10C8BC00104200D08BE15846002800D100E2032042
:10C8CC00034300208146DBB2237006239A46A80856
:10C8DC000824C0B20B5C6E1C9B000818DBB2B6B20D
:10C8EC00144200D04FE14C46002C00D1FCE1032453
:10C8FC0023430024A246DBB2037006239846B408F7
:10C90C00E4B20B5D751C9B000C19DBB2ADB2D0060A
:10C91C0000D514E15046002800D1F9E1032003436F
:10C92C0000208046DBB2237006239946A808C0B2CB
:10C93C000B5C6E1C9B000818DBB2B6B2940600D5DB
:10C94C00D9E04446002C00D10FE2032423430024F9
:10C95C00A146DBB2037006239A46B408E4B20B5D21
:10C96C00751C9B000C19DBB2ADB2500600D59FE0D4
:10C97C004846002800D1DEE1032003430020824614
:10C98C00DBB2237006239846A808C0B20E5C6B1C61
:10C99C00B600D409F6B20A189BB2002C41D150460D
:10C9AC00002800D1CDE10320064300208046F6B2DA
:10C9BC00062416709808009A019D01320092954247
:10C9CC0052D00127C0B2009A0E5C1278B6005D1CE2
:10C9DC000818F6B2ADB2174200D13AE7AF08B94623
:10C9EC00FFB2BA46671EBB4647468A44002F00D1A9
:10C9FC0094E1644626430670584600280FD15046F1
:10CA0C0003240078800020430024C0B25546023332
:10CA1C0028709DB206239B46AB08994626E74446F0
:10CA2C0024E79808C4B2A146574644468944013CC1
:10CA3C00002F00D18BE167463E431670002C35D198
:10CA4C004B4603221B789B00134300229046DBB21B
:10CA5C004A4602351370009AABB2019D013206248E
:10CA6C00980800929542ACD10224C0B20A5C01260F
:10CA7C0092000A545A1C9205120E885C02338000F4
:10CA8C0020439BB28854032518008208D2B28B5CD9
:10CA9C00441C9B0033438B54A0B22C42F5D103B001
:10CAAC00F0BCBB46B246A946A046F0BDD04682E7D4
:10CABC00A808C7B2BB4601277F425744B8464F4629
:10CACC008B44002F00D156E167463B43237043460D
:10CADC00002B00D05CE15B4603201B789B000343DA
:10CAEC0000208246DBB25846037006230236B5B2EC
:10CAFC009846A80849E7B408E7B2BB4601277F422D
:10CB0C004F44BA4647468B44002F00D1F2E06746AB
:10CB1C003B4303705346002B0FD15B4603201B781D
:10CB2C009B00034300208146DBB25846037006236A
:10CB3C000235AEB29A46B40810E7C1460EE7A80813
:10CB4C00C7B2BB4601277F424744B94657468B4480
:10CB5C00002F00D1BAE067463B4323704B46002BB5
:10CB6C000FD15B4603201B789B00034300208046BB
:10CB7C00DBB25846037006230236B5B29946A808B4
:10CB8C00D5E6D046D3E6B408E7B2BB4601277F42D0
:10CB9C005744B8464F468B44002F00D183E067467C
:10CBAC003B4303704346002B0FD15B4603201B789D
:10CBBC009B00034300208246DBB2584603700623D9
:10CBCC000235AEB29846B4089AE6CA4698E6A8086A
:10CBDC00C7B2B84601277F424F44BA465F468844E5
:10CBEC00002F4DD067463B4323705346002B0FD18B
:10CBFC00434603201B789B00034300208146DBB295
:10CC0C004046037006230236B5B29A46A8085FE682
:10CC1C00D9465DE6B708B846FFB2BA4601277F424F
:10CC2C005F44B9468A44002C18D067463B430370D6
:10CC3C004B46002B10D1534603201B789B0003431B
:10CC4C0000208346DBB25046037006230235AEB299
:10CC5C009946B308984622E6A34620E603273B43B1
:10CC6C0003705B46012BF7D1534660461B789B0043
:10CC7C000343DBB2E7E763461E430124F6B2F0E55B
:10CC8C0003273B4323704B46012BC1D143466046DF
:10CC9C001B789B000343DBB2B2E7644623430124B9
:10CCAC00DBB2A346F6E503273B4303705346012B47
:10CCBC008BD15B4660461B789B000343DBB27CE761
:10CCCC00604603430120DBB28146FDE503273B436D
:10CCDC0023704346012B00D053E75B4660461B781C
:10CCEC009B000343DBB244E7644623430124DBB2DD
:10CCFC00A24601E603273B4303704B46012B00D0B1
:10CD0C001BE75B4660461B789B000343DBB20CE7DA
:10CD1C00604603430120DBB2804604E603273E4312
:10CD2C000670012C00D07AE65046654600788000EB
:10CD3C002843C0B26AE6604603430120DBB2824658
:10CD4C001FE6604606430120F6B2804630E6032714
:10CD5C003E4316704246012A00D0A7E64B46624677
:10CD6C001B789B001343DBB272E664462343012419
:10CD7C00DBB2A146EEE503273B4323705346012B60
:10CD8C0006D15B4660461B789B000343DBB2AAE6E8
:10CD9C00CA46FAE5F0B5DE4657464E464546E0B57E
:10CDAC0085B002900391002900D1AFE2002301214C
:10CDBC000193013398460624002300208C46B7E0EB
:10CDCC004346002B00D112E2032300241E43F6B28B
:10CDDC0006239B46AB08994606704B460227D8B2F1
:10CDEC00135C6E1C9B001018DBB2B6B20F4200D065
:10CDFC00CCE1002C00D10CE2032423430024A346F5
:10CE0C00DBB2037006239946B308984643460420C8
:10CE1C00DCB2135D751C9B001419DBB2ADB2084279
:10CE2C0000D090E15846002800D105E203200343CE
:10CE3C0000208146DBB2237006239A46A8080824FA
:10CE4C00C0B2135C6E1C9B001018DBB2B6B20C4265
:10CE5C0000D054E14C46002C00D101E203242343C2
:10CE6C000024A246DBB2037006239846B408E4B251
:10CE7C00135D751C9B001419DBB2ADB2C80600D54E
:10CE8C0019E15046002800D1FEE1032003430020A5
:10CE9C008046DBB2237006239946A808C0B2135C07
:10CEAC006E1C9B001018DBB2B6B28C0600D5DEE00F
:10CEBC004446002C00D114E2032423430024A14651
:10CECC00DBB2037006239A46B408E4B2135D751CFA
:10CEDC009B001419DBB2ADB2480600D5A4E048465D
:10CEEC00002800D1E3E10320034300208246DBB29B
:10CEFC00237006239846A808C0B2165C6B1CB600BB
:10CF0C00CC09F6B211189BB2002C42D15046002825
:10CF1C0000D1D2E10320064300208046F6B206245D
:10CF2C000E7098080199039D01310191A94253DAC1
:10CF3C000127019DC0B20299165C495DB6005D1CCB
:10CF4C001018F6B2ADB20F4200D139E7AF08B946AE
:10CF5C00FFB2BA46671EBB4647469244002F00D12B
:10CF6C0098E1644626430670584600280FD1504677
:10CF7C0003240078800020430024C0B255460233BD
:10CF8C0028709DB206239B46AB08994625E744467C
:10CF9C0023E79808C4B2A146574644469144013C45
:10CFAC00002F00D18FE167463E430E70002C39D123
:10CFBC004B4603211B789B000B4300218846DBB2B8
:10CFCC00494602350B700199ABB2039D0131062421
:10CFDC0098080191A942ABDB591C8905C0B2090E16
:10CFEC000233101851189BB2022704780126A400B2
:10CFFC0004700878032580003843087018008108F5
:10D00C00C9B2535C441C9B0033435354A0B22C4212
:10D01C00F5D18308D8B205B0F0BCBB46B246A946E0
:10D02C00A046F0BDD0467DE7A808C7B2BB46012795
:10D03C007F425744B8464F469344002F00D156E1E7
:10D04C0067463B4323704346002B00D05CE15B46B4
:10D05C0003201B789B00034300208246DBB258461A
:10D06C00037006230236B5B29846A80844E7B40804
:10D07C00E7B2BB4601277F424F44BA46474693442A
:10D08C00002F00D1F2E067463B4303705346002B60
:10D09C000FD15B4603201B789B0003430020814685
:10D0AC00DBB25846037006230235AEB29A46B4087A
:10D0BC000BE7C14609E7A808C7B2BB4601277F4268
:10D0CC004744B94657469344002F00D1BAE067460F
:10D0DC003B4323704B46002B0FD15B4603201B7840
:10D0EC009B00034300208046DBB2584603700623A6
:10D0FC000236B5B29946A808D0E6D046CEE6B408BA
:10D10C00E7B2BB4601277F425744B8464F4693448B
:10D11C00002F00D183E067463B4303704346002B4E
:10D12C000FD15B4603201B789B00034300208246F3
:10D13C00DBB25846037006230235AEB29846B408EB
:10D14C0095E6CA4693E6A808C7B2B84601277F42BF
:10D15C004F44BA465F469044002F4DD067463B4340
:10D16C0023705346002B0FD1434603201B789B00A2
:10D17C00034300208146DBB240460370062302368F
:10D18C00B5B29A46A8085AE6D94658E6B708B84642
:10D19C00FFB2BA4601277F425F44B9469244002C45
:10D1AC0018D067463B4303704B46002B10D15346B7
:10D1BC0003201B789B00034300208346DBB25046C0
:10D1CC00037006230235AEB29946B30898461DE6A5
:10D1DC00A3461BE603273B4303705B46012BF7D1A9
:10D1EC00534660461B789B000343DBB2E7E763467C
:10D1FC001E430124F6B2EBE503273B4323704B4659
:10D20C00012BC1D1434660461B789B000343DBB224
:10D21C00B2E7644623430124DBB2A346F1E50327BE
:10D22C003B4303705346012B8BD15B4660461B7806
:10D23C009B000343DBB27CE7604603430120DBB277
:10D24C008146F8E503273B4323704346012B00D06E
:10D25C0053E75B4660461B789B000343DBB244E715
:10D26C00644623430124DBB2A246FCE503273B437F
:10D27C0003704B46012B00D01BE75B4660461B78C6
:10D28C009B000343DBB20CE7604603430120DBB297
:10D29C008046FFE503273E430670012C00D076E65E
:10D2AC0050466546007880002843C0B266E660466A
:10D2BC0003430120DBB282461AE660460643012096
:10D2CC00F6B280462BE603273E430E7041460129F9
:10D2DC0000D0A7E64B4661461B789B000B43DBB2A4
:10D2EC006EE6644623430124DBB2A146E9E503273D
:10D2FC003B4323705346012B06D15B4660461B789B
:10D30C009B000343DBB2AAE6CA46F5E51100100008
:10D31C00022369E6F0B5DE46574645464E46E0B573
:10D32C008FB00400150002928B460022C16B00687E
:10D33C0002F0F6FA0023A360236862689846AB7883
:10D34C00EF789246DAB29146FFB2203B00D594E2D8
:10D35C0001229A401300012148460A0082403800FD
:10D36C00203800D585E28140194301910121B94053
:10D37C00ED4D11434544404600912D0D514602F0B0
:10D38C00C7FA063501220021484602F0E1FAEDB257
:10D39C0001220021380002F0DBFA2900484602F095
:10D3AC00CFFA2900380002F0CBFA80235B020A93F3
:10D3BC008123DB010B938023DB050D93DB4B0520D5
:10D3CC000C9302F02DFA02F0B3FAD94902F020FACC
:10D3DC00EC21890502F094FA061C02F069FA85B278
:10D3EC000020002D0ED0280002F0A2FA011C301CE7
:10D3FC0002F0EEF98721C90502F0B2FA02F058FAF0
:10D40C00C0B200022D040543012251460AAB40462E
:10D41C000A9502F065FA3B004A4651464046FEF733
:10D42C0083FE52460123934042461268A56813437B
:10D43C00424613605B46DB7B291D5A1E93418022BA
:10D44C00120194461F22DB020235634411402A402C
:10D45C0019431A435B46A16262621B7B20697F2BD6
:10D46C0000D9FBE1B34902F0CBF980464346616930
:10D47C00A3618A465946029B20699A78DB7803900F
:10D48C00097BDDB249B28946D1B204919A4200D3EC
:10D49C0064E100230A0000935146023302F0D8F9EC
:10D4AC00049E01220021300002F052FA01220021D8
:10D4BC00280002F04DFA0121300002F0E9F92800B1
:10D4CC00012102F0E5F9434642460633D2011B0323
:10D4DC0013434A460593002A00DB47E1C02380260C
:10D4EC001B03F8270C93002306AD10220AA9280071
:10D4FC0076027F020D930A960B9702F0C1F9059BF9
:10D50C00102229006B600AA802F0BAF90AA91022AD
:10D51C00280002F0B5F90021F823AE685B05B4468B
:10D52C00854E994631406B68844E42463340844E5A
:10D53C00F820B046664647463E40B046814E000352
:10D54C00B446464667463E43AE60049EF7033840F9
:10D55C0001434846E96031060140039E0B436B6072
:10D56C0051462B00300002F0BBF953460121B44662
:10D57C0099401F225B005344DB0073486344D8334B
:10D58C001860336820698B433360A3691340E362EE
:10D59C006E4B23635B465B7B7F2B00D963E16C494D
:10D5AC0002F02EF902000390029922628B78DBB212
:10D5BC000493CB78DBB205931300033209331B03BE
:10D5CC00D2011A435B465B7B92465BB298465B4644
:10D5DC009B799B46236999464346002B00DB03E16C
:10D5EC00C02380261B03F8270C93002310220AA9C2
:10D5FC00280076027F020D930A960B9702F040F9F1
:10D60C005346102229006B600AA802F039F9102247
:10D61C0028000AA902F034F90022049BAE68D90351
:10D62C00059BB4461806F8231B031940F8235B0529
:10D63C00184080238046404E1804324011436B68DA
:10D64C003E4AE9601340424613436B606346414ACD
:10D65C001A400243AA60052002F0E2F802F068F9D1
:10D66C003D4902F0D5F8EC21890502F049F98246D2
:10D67C0002F01EF983B2984642460023002A0ED0CF
:10D68C00404602F055F9011C504602F0A1F88721E2
:10D69C00C90502F065F902F00BF9C3B21B02424650
:10D6AC001004184359462B00039A0690484602F082
:10D6BC0017F95A46012393404A461268029E1343B7
:10D6CC004A461360B278F37861682068D2B2DBB254
:10D6DC00FEF72AFD616922694B005B18DB00D31849
:10D6EC00CC33B57815481968E4692D0601402943F7
:10D6FC00196063001B19DB00D3181C00CC34F178C3
:10D70C002268090602400A432260DC33B1780A48D9
:10D71C001A68C90302400A431A600FB0F0BCBB463A
:10D72C00B246A946A046F0BD0000E0AF000006508E
:10D73C00001B374C54BC0010FF7FF0FFFFFFFFE0D5
:10D74C00FFFF0A3E00008580EBA0000020E00000F7
:10D75C008CBC0010FFFF0AFE001BB74C00232A00F4
:10D76C0000935146023302F073F899E618008023B7
:10D77C005B020693C02319034A4B80221840030016
:10D78C00D205134307934B460891099206AD203BF3
:10D79C0079D401229A4013001F004A4601930123B9
:10D7AC0093401E005146002203980093002302F080
:10D7BC00AFF832000096039E3B00514630000197B3
:10D7CC0002F06EF8384B4846F118090D0631C9B213
:10D7DC0002F0B6F84B46F8229B02D2011340E968DE
:10D7EC00324A1140194397E680235B020693C0230B
:10D7FC0050461903403B9A052A4B18404346686033
:10D80C000891EA60203B45D401229A409246534647
:10D81C00424601930123934059461E00484600227C
:10D82C000093002302F074F85346320001935946DA
:10D83C004846009602F034F81B4940464944090D0D
:10D84C000631C9B202F07CF84346F8229B02D201A1
:10D85C0013401649EA680A401A43DEE6144901F0FF
:10D86C00CFFF804602E6134901F0CAFF0200039085
:10D87C009AE62020C01BC14076E54B462022D21AE6
:10D88C000123D34067E54A4620239B1A0122DA4044
:10D89C00130081E7424620239B1A0122DA4092466C
:10D8AC00B5E7C046FFFFFF9F0000E0AFFF83FFFF1F
:10D8BC0070BC0010B8BC0010F8B5DE464E4657469A
:10D8CC0045465823E0B5C35C04000E009346002B7C
:10D8DC0037D10123D82598469C46A023AA466768D1
:10D8EC00DB0599467B002168D819C00008188244D2
:10D8FC005546A06AE2682860584692014A44166070
:10D90C00D06142460A6360460A6B1042FBD0592232
:10D91C000863A25C002A0CD0DB19DB00CB18D433D3
:10D92C001A68022AFCD9F0BCBB46B246A946A046EE
:10D93C00F8BDDA19D2008B18D4331A68012AF2D840
:10D94C00FBE7FEF733FCC4E7F0B50400F020DE463D
:10D95C0057464E464546C000DB0103407F20E0B5EC
:10D96C00024085B015006F461D4301303870280009
:10D97C00797001F031F801AEBD70C0002D0A05437D
:10D98C0031006846FD70FEF79BFC5823E35C834630
:10D99C00002B38D10123D82598469C46A023AA46B3
:10D9AC006768DB0599467B002068DA19D20082187B
:10D9BC0092445546A26AE1682A605A468901494454
:10D9CC000E60CA61424602636146026B1142FBD093
:10D9DC0059220163A25C002A0DD0DB19DB00C318AD
:10D9EC00D4331A68022AFCD905B0F0BCBB46B24647
:10D9FC00A946A046F0BDDA19D2008318D4331A68B0
:10DA0C00012AF1D8FBE72000FEF7D0FBC2E7C046A5
:10DA1C000121F0B50E004569C646AE4002692B1DCA
:10DA2C0099406B005B191568DB00B54300B5C76AFC
:10DA3C001560056BD0180B4B80249C468046240641
:10DA4C00604404600460802043468001D833101881
:10DA5C0001601F601D6013683343136080BCB846BF
:10DA6C00F0BDC046D0100000F0B54646D6464F4635
:10DA7C005922C0B5825C082351424A41304C524273
:10DA8C009A430826A56A0C3203E00369196B0E420F
:10DA9C0009D1A36A5B1B9342F7D90020E0BCBA46BC
:10DAAC00B146A846F0BDA66AA26A0021921B072ABD
:10DABC00F3D8042290460B329446214A924602290E
:10DACC001ED144461A6B144210D15246926A921BD4
:10DADC00072A0BD802292FD10424194D03E0AA6A76
:10DAEC00921B072A02D81A6B1442F8D00D00022D93
:10DAFC00D3D15A23C35C802BCFD1253BC05CCDE75F
:10DB0C005A274269DC68D500B9460435EC406746B3
:10DB1C0045180832A9444D1C92002DB22742D0D092
:10DB2C0049469A58120E0A705246966A926A921B8D
:10DB3C00072ADCD82900C2E70D002900BFE7C04640
:10DB4C0000400540F0B54546DE4657464E46592343
:10DB5C00E0B587B00591C35C8046002B00D0B4E0E3
:10DB6C00002203249246A14B986A082546469F49F9
:10DB7C0003E03269136B1D420CD18B6A1B1AA34252
:10DB8C00F7D90120404207B0F0BCBB46B246A946CB
:10DB9C00A046F0BD8B6A04209C467369B046DE003B
:10DBAC0008339B00019300238346914891490390CD
:10DBBC005A200436B146029300240B000F270E00A6
:10DBCC001500404404904846EA68C240174222D0EF
:10DBDC00019AAA58120E7F2C28DD8448806A84464C
:10DBEC001002090A0143FF207240024003985200C0
:10DBFC00105ACA4392B2D31A5A425341320ADBB278
:10DC0C0050400293330006004846EA680134C24093
:10DC1C0024B21742DCD158462A6B10420ED1604612
:10DC2C00724A926A121A072ACDD9AAE704980255A9
:10DC3C006E48806A8446012CD2DCE5E75346002B03
:10DC4C0001D0033BFDD2059BD22B4CD1032C98DD8C
:10DC5C00029B002B00D194E758234246D35C002B47
:10DC6C003DD105218C4604398A464146C868A0211D
:10DC7C0043464746C90589465A681B685500A9188A
:10DC8C00C900BF6A5918D8310F6080015A494844FD
:10DC9C0001606146C161514601261963196B0E4240
:10DCAC00FCD0592140461E63AA18D200415C9B1837
:10DCBC00D433002904D11A68012AFCD9201F62E749
:10DCCC001A68022AFCD9201F5DE75023C25A0C2483
:10DCDC0053009B18454A5B009A46906A45E74046BC
:10DCEC00FEF764FABDE742465823D35C059A5A2ADC
:10DCFC0030D0002B68D1424641461068926ACC68FD
:10DD0C009446A02101224346C9056646894692469F
:10DD1C005B68A4015A00D118C9004118D8310E60B3
:10DD2C0036494C442160052751460125E7610163C2
:10DD3C00016B0D42FCD0592144460563615C0029FE
:10DD4C0039D0D318DB00C318D4331A68022A00D98F
:10DD5C0017E7FAE7002B44D1424640461168926A15
:10DD6C00C4689446A02001224346C00566468146FD
:10DD7C0092465B68A4015A00D018C0000818D8302D
:10DD8C0006601F484C442060052750460125E7617A
:10DD9C000863086B0542FCD0592044460D63205C97
:10DDAC00002815D0D318DB00CB18D4331A68022AFC
:10DDBC0000D9E6E6FAE7D218D2008318D4331A68F1
:10DDCC00012A00D9DDE6FAE74046FEF7EFF992E7C3
:10DDDC00D218D2008B18D4331A68012A00D9D0E695
:10DDEC00FAE74046FEF7E2F9B6E7C04600400540C8
:10DDFC00442C0020FFFF000024540020107700204A
:10DE0C00A858002000224B7910B50C791B02234333
:10DE1C00C3808B780371CB7803728B7943728272D7
:10DE2C00C27210BDF0B5437B150004000E0093B018
:10DE3C00DAB2002B3ED1B433C1500433C552023395
:10DE4C00C252B12200238354C278002A08D14371F4
:10DE5C00002301220120A373E373627313B0F0BD9E
:10DE6C00C3889D4201D3C588ADB2E37A01AF013BB3
:10DE7C005A1E934178225B4213404B337B708023B4
:10DE8C003B706B462A00981D310001F0F9FC29000B
:10DE9C00300001F0EDFC22000300291D7D19AB7050
:10DEAC0038001B0AC9B21032EB70FEF773FFB023B7
:10DEBC00E054CDE70020D1E730B501250278134CB2
:10DECC0053009B18124A1B019B18124A821A92107B
:10DEDC0062432C0094405A690A435A6120290DD0A0
:10DEEC00402905D0802906D11A6A22431A6202E021
:10DEFC00DA692243DA610023437330BD9A69224305
:10DF0C009A61C378002BF6D14571F4E7CF467D6753
:10DF1C0070740020F05C0020B423F0B5C5580400E8
:10DF2C006D1893B0C5500120BA22E37A4340E372D6
:10DF3C00A35ACB189BB2A352E2888A4203D8B822C8
:10DF4C00A25A934206D320002021FFF7B5FF0020F0
:10DF5C0013B0F0BDE17800292AD0D21AE38896B22A
:10DF6C009E4201D3E688B6B2E37A01AF013B5A1E5A
:10DF7C00934178225B4213404B337B7080233B7080
:10DF8C006B463200981D290001F07AFC3100280004
:10DF9C0001F06EFC22000300311DBE19B370380075
:10DFAC001B0AC9B21032F370FEF7F4FEB023E05432
:10DFBC000120CDE7FC21002005FF000000D7A27353
:10DFCC0080F3A26B83F000001022002005FF0000FC
:10DFDC0000C7A27380F3A26B83F000002422002000
:10DFEC0005FF000000CFA26B80EBA27383E800005A
:10DFFC003822002005FF000000C7A26B80EBA27343
:10E00C0083E800009A421CD24B005B18DB00C0185E
:10E01C00DC300168194B1940802311439B030B43DF
:10E02C0003600168164B19405301194380231B05EB
:10E03C000B4303600368134992020B4013430360C4
:10E04C0070474A005218D2008018DC3001680B4A25
:10E05C0011408022194392030A4302600168084A66
:10E06C0011405A011143802212050A4302600268D2
:10E07C0004499B020A4013430360E1E7E0FF0FFCF5
:10E08C001FFCFFE3FF83FFFF012270B501008378C3
:10E09C001000D02498402406636803405842434142
:10E0AC00C8788240100062680240504242415200DF
:10E0BC00012013431AD1284A906A936A9842FCD0E3
:10E0CC0001200400D0258B782D069C406B682340E2
:10E0DC005C426341CC78A040040068682040444214
:10E0EC006041400003430120002B00D070BD906ABA
:10E0FC00194A936A9842FCD00122002002238873AB
:10E10C00CA734A69154C1A43154B4A61C91A09114D
:10E11C008B005B181A019B181A029B181D045D19C1
:10E12C00BC236D006D185B01EDB2E61802E0BC3447
:10E13C00A6420FD02378AB42F9D1E388002BF6D05E
:10E14C00637B002BF3D020004021BC34FFF7B4FEDE
:10E15C00A642EFD10020C9E700400540F05C00204A
:10E16C0070740020F0B557464E464546DE462C4BA3
:10E17C00E0B55E695968B04680268B46012083B0B5
:10E18C007602019607005E4659220021B7404825C9
:10E19C004A2499541968BA460A68BA430A605A5B09
:10E1AC001C5D120424021443A14642460400944010
:10E1BC004E22944672004E465A44D2008A18C832F7
:10E1CC00166056460A68DD6932430A604146A8402B
:10E1DC001A69490016684144A643C90016605118D3
:10E1EC00019EC8310E6011684C270C4314601168F5
:10E1FC00814311606146595CDB5B09021B041943C6
:10E20C006B005B19DB00D318C83319601368184313
:10E21C00106003B0F0BCBB46B246A946A046F0BDA8
:10E22C00E45A0020037B002B07D006480649074A16
:10E23C00074BD86319645A64704704480549014A6E
:10E24C00F6E7C046DC2B0020C82B0020042C002055
:10E25C00E45A0020F02B0020F8B5B822BA23865AD5
:10E26C00C25AC388B61AB6B204009E4201D3C688FD
:10E27C00B6B22D4D2800FFF7CBFB62782379E12154
:10E28C002800D2B2DBB2FFF75FFBB0232100E25CC7
:10E29C0010312800FFF710FB1E221E212B691A6378
:10E2AC001A6B1142FCD101272800FFF7DDFB3A0065
:10E2BC006B695B209A40130029690A689A430A60CB
:10E2CC002A5CDB43D22A15D05A2A09D01E2A1AD12D
:10E2DC0080212000FFF7F0FD6B6929699F40FB430B
:10E2EC00B1220020A0540A6813400B605A2200236C
:10E2FC00AB52F8BD31002000FFF70EFE6B692969A7
:10E30C009F40FB43ECE7B120225C0132D2B2225495
:10E31C00022AE8D940212000FFF7CEFD6B6929695C
:10E32C009F40FB43DFE7C046E45A0020F8B50500E8
:10E33C00EB7A7826013B5A1E9341294C5B42200014
:10E34C001E40FFF765FB6A782B796921D2B2DBB2EC
:10E35C002000FFF7F9FA1E221E2123694B361A639F
:10E36C001A6B1142FCD1D2212000FFF7EBFB5B238F
:10E37C000700E35C00280FDBB34220D0B12300225E
:10E38C002169EA54012260690B68824093430B6057
:10E39C005A220023A352F8BD5A2BEFD01E2B1AD0B1
:10E3AC00B12221690B6BAB5C0133DBB2AB54022B9A
:10E3BC00E8D940212800FFF77FFD2169E2E7B4236B
:10E3CC0021003A00E8585C3101F05AFA2800B9B241
:10E3DC00FFF7A2FDD2E780212800FFF76DFDCDE706
:10E3EC00E45A002070B50400214D2800FFF710FB03
:10E3FC00627800232D212800D2B2FFF7A5FA002362
:10E40C00B0222100A25C1031E3722800FFF754FA0D
:10E41C001E231E2229690B6316000B6B1E401A4229
:10E42C00FAD12800FFF720FB01226B6929699A4079
:10E43C000B6893430B60D2280CD1BA2308222021FD
:10E44C00E2522000FFF738FDB123E6545B23002293
:10E45C00EA5470BD2D23B122E372A35C0133DBB20D
:10E46C00A354022BF2D940212000FFF725FDEDE744
:10E47C00E45A0020F0B580270025BF01002A0BD0FC
:10E48C006E00EC188E5B1234A4000135BE4200D233
:10E49C00F6182650AA42F3D8F0BDC046F8B5DE46B1
:10E4AC0057464E464546592300223A4CE0B50600E5
:10E4BC00E254FFF7B7FE384980228C466768206823
:10E4CC007D00ED19ED0043196344E16B12061A60EF
:10E4DC001A600A79A3680968FFF7CCFF4A2348221F
:10E4EC00E35CA25A451912041B0213432A00C832DA
:10E4FC001360B278F3783900D2B2DBB2FFF782FD49
:10E50C008022520294464C22636AD8352B60636990
:10E51C0093465A00D218E36925699846CC2399464C
:10E52C00B378D2001B069A46AA1891444B46514622
:10E53C001B681A4FC8323B400B4349460B6063467D
:10E54C001360CC22434694465B004344DB00EB183B
:10E55C009C4462466146F57812682D063A402A437F
:10E56C000A60B5781E0059464E20DC3632680C4FD6
:10E57C00ED033A402A433260225C615A12020904CC
:10E58C00C8330A431A60F0BCBB46B246A946A04643
:10E59C00F8BDC046E45A0020D0100000FFFFFFE099
:10E5AC00FF7FF0FFF8B5DE4657464E4645465923E9
:10E5BC0001223A4CE0B50600E254FFF733FE38492D
:10E5CC0080228C46676820687D00ED19ED004319A8
:10E5DC006344616C12061A601A600A79A3680968B0
:10E5EC00FFF748FF52235022E35CA25A451912044C
:10E5FC001B0213432A00C8321360B278F378390037
:10E60C00D2B2DBB2FFF7FEFC8022520294465422B7
:10E61C00636AD8352B60636993465A00D218E36954
:10E62C0025699846CC239946F378D2001B069A4666
:10E63C00AA1891444B4651461B681A4FC8323B40AE
:10E64C000B4349460B6063461360CC224346944609
:10E65C005B004344DB00EB189C4462466146B57892
:10E66C0012682D063A402A430A60F5781E00594676
:10E67C005620DC3632680C4FED033A402A433260A8
:10E68C00225C615A12020904C8330A431A60F0BCB6
:10E69C00BB46B246A946A046F8BDC046E45A002087
:10E6AC00D0100000FFFFFFE0FF7FF0FF437B10B5B1
:10E6BC00002B02D0FFF7F2FE10BDFFF773FFFBE754
:10E6CC00F8B5DE4657464E464546A34BE0B51B789B
:10E6DC00002B00D1B5E0A14D2B78002B06D0AB7BE5
:10E6EC00002B03D0EB7B002B00D1FBE09C4B9A461C
:10E6FC009C4B9B463023EB5C002B1CD03E23EB5CED
:10E70C00002B18D03F23EB5C002B14D12C003034A1
:10E71C002000FFF7B9FC00280DD02000FFF7C6FF42
:10E72C003D23EB5C002B00D105E1534659461A788A
:10E73C008D48FFF7C1F82B78A846002B0BD000268C
:10E74C0043469B7B002B04D04346DB7B002B00D144
:10E75C0088E0012E07D030239C46E04443461B78CA
:10E76C000126002BECD12B78002B22D0AB7B002B7D
:10E77C001FD101210A00D020AB7800069A404368D3
:10E78C00EC781A4053425A4143680800A0400340B9
:10E79C00584243415B001343013BDAB2012A08D8CB
:10E7AC005A425341DBB26B73A973E9736B690B4328
:10E7BC006B613023EB5C002B27D03E216B5C002B74
:10E7CC0023D101200600D0223233EB5C12069E408E
:10E7DC00332453682C5D33400600A64052685C42DB
:10E7EC00634132405442624152001343013BDAB25E
:10E7FC00012A0AD85A4253413D22DBB2AB543F2383
:10E80C006854E8546B6C03436B646B69002B22D126
:10E81C006B6C002B1BD1554B554D1A6801321A608D
:10E82C001C686405600DA87000F0D6F8640FC00079
:10E83C0004435A4604212800EC70FEF7ABFA534609
:10E84C001870F0BCBB46B246A946A046F8BD0120E4
:10E85C00FDF75EFBDFE70020FDF75AFB6B6C002B2E
:10E86C00D9D0F4E74046FFF721FFBC23414C5B01B4
:10E87C00E71803E0BC34A74200D16AE723789E4234
:10E88C00F8D1E388002BF5D00322237A1A40914665
:10E89C00032A3ED0637B002BECD0E37B002BE9D129
:10E8AC000121A378A173002B02D058232E4AD154F6
:10E8BC002379002B02D1E37A2D2B48D02379200029
:10E8CC005BB2002B2DDBFFF7C7FC4B46032B03D1B0
:10E8DC00637A013BDBB2A372A378002B24D1002313
:10E8EC00A373C7E72800FFF7CFFB002800D1FDE694
:10E8FC002800FFF7DBFE6B7B002B22D0184B1A484D
:10E90C009A46184B9B46534659461A78FEF7D4FF45
:10E91C00F0E6A37A002BBDD0A37A013BDBB2A37245
:10E92C00A8E7FFF703FDD0E7582300210E4AD15486
:10E93C00FFF718FCD3E701220F490B48FEF7BCFF89
:10E94C00F9E601220C490848FEF7B6FFCEE6200096
:10E95C00FFF748FDC0E7C0462C77002070740020FC
:10E96C002B77002004770020E45A00200077002049
:10E97C00603C0020F05C00208C58002010B5FFF7A4
:10E98C009FFE012010BDC046D02B002005FF0000CB
:10E99C0000D7A27380F3A26B83F00000E42B00205D
:10E9AC0005FF000000C7A27380F3A26B83F0000088
:10E9BC00F82B002005FF000000CFA26B80EBA273A8
:10E9CC0083E800000C2C002005FF000000C7A26BA0
:10E9DC0080EBA27383E800001F2330B51F211424A1
:10E9EC005840C507ED174308054A2C400B406340BF
:10E9FC00D35C800901404B40D05C1F23584030BD94
:10EA0C00442E00200000C1C081C1400101C3C003DD
:10EA1C00800241C201C6C006800741C70005C1C5BE
:10EA2C0081C4400401CCC00C800D41CD000FC1CF7E
:10EA3C0081CE400E000AC1CA81CB400B01C9C0096E
:10EA4C00800841C801D8C018801941D9001BC1DB0E
:10EA5C0081DA401A001EC1DE81DF401F01DDC01DBE
:10EA6C00801C41DC0014C1D481D5401501D7C017DE
:10EA7C00801641D601D2C012801341D30011C1D1EE
:10EA8C0081D0401001F0C030803141F10033C1F32E
:10EA9C0081F240320036C1F681F7403701F5C035BE
:10EAAC00803441F4003CC1FC81FD403D01FFC03F7E
:10EABC00803E41FE01FAC03A803B41FB0039C1F96E
:10EACC0081F840380028C1E881E9402901EBC02BCE
:10EADC00802A41EA01EEC02E802F41EF002DC1EDBE
:10EAEC0081EC402C01E4C024802541E50027C1E7DE
:10EAFC0081E640260022C1E281E3402301E1C021EE
:10EB0C00802041E001A0C060806141A10063C1A3ED
:10EB1C0081A240620066C1A681A7406701A5C065BD
:10EB2C00806441A4006CC1AC81AD406D01AFC06F7D
:10EB3C00806E41AE01AAC06A806B41AB0069C1A96D
:10EB4C0081A840680078C1B881B9407901BBC07B0D
:10EB5C00807A41BA01BEC07E807F41BF007DC1BDBD
:10EB6C0081BC407C01B4C074807541B50077C1B7DD
:10EB7C0081B640760072C1B281B3407301B1C071ED
:10EB8C00807041B00050C190819140510193C053AD
:10EB9C00805241920196C056805741970055C195BD
:10EBAC0081944054019CC05C805D419D005FC19F7D
:10EBBC00819E405E005AC19A819B405B0199C0596D
:10EBCC00805841980188C04880494189004BC18BCD
:10EBDC00818A404A004EC18E818F404F018DC04DBD
:10EBEC00804C418C0044C184818540450187C047DD
:10EBFC00804641860182C042804341830041C181ED
:10EC0C0081804040000B161D050E13180A011C17BD
:10EC1C000F041912141F0209111A070C1E150803F0
:10EC2C001B100D060022154B10B59A60DA601A61A4
:10EC3C005A619A61DA611A625A629A62DA621A63EA
:10EC4C005A639A63DA631A645A649A64DA641A65CA
:10EC5C005A659A65DA651A665A669A66DA661A67AA
:10EC6C005A679A67DA67F03292000021044800F084
:10EC7C00BFFD044B044A1A6010BDC0460000105082
:10EC8C00CC540020B058002080011050F0B54E46F6
:10EC9C004546DE465746E0B5214B00249E6D0125C6
:10ECAC0085B0002E22D01F4B9A46012399461E4B4D
:10ECBC00984601E0202C19D02A00230001342F00A3
:10ECCC003240E4B26D00002AF4D0524697654A46B1
:10ECDC005B085B0022409B185B01434418009B4679
:10ECEC0000F01EFC002808D1BE43E3D105B0F0BCF7
:10ECFC00BB46B246A946A046F0BD5B46E0219A78D9
:10ED0C00DB8A01A883600023C90001800121027104
:10ED1C00437100F025FC584600F0A0FBE4E7C04628
:10ED2C0000001150003011508C5400209823F0B585
:10ED3C00C646C84A00B5D55880232E009B02102425
:10ED4C0084B01E401D4274D0C34BC44C9A6AC44B51
:10ED5C0000261A603B23E35C022B00D14FE17B239E
:10ED6C00E35C022B00D1F3E0BB23E35C022B00D16C
:10ED7C00FAE0FB23E35C022B00D101E13C23FF33DF
:10ED8C00E35C022B00D12DE17C23FF33E35C022BEF
:10ED9C0000D10EE1BC23FF33E35C022B00D13FE139
:10EDAC00FC23FF33E35C022B00D1F5E0AD4BE35CBD
:10EDBC00022B00D174E1AC4BE35C022B00D105E1DA
:10EDCC00AA4BE35C022B00D175E1A94BE35C022B4F
:10EDDC0000D132E1A74BE35C022B00D1A0E1A64BA2
:10EDEC00E35C022B00D171E1A44BE35C022B00D15C
:10EDFC00A1E1A34BE35C022B00D17FE1002E08D1F3
:10EE0C00A04B1B78002B04D180219F4A90338902A0
:10EE1C00D150C02269468F4B92009B6C80265B05BB
:10EE2C008A805B0D012101A8029300F099FB974C9D
:10EE3C00B602EB0600D57FE080235B021D4231D089
:10EE4C001E43012302249846844FBB7E002B14D012
:10EE5C0000F03EFD012800D972E0C02200213800EC
:10EE6C00920100F001FB380000F0F8FA00F030FDE0
:10EE7C00012802D9844B5C661C664346FB70203724
:10EE8C00012C22D1C0236A46DB009380804A02AB5E
:10EE9C0003CA03C3012101A800F062FB80227A4B54
:10EEAC0092021A6580235B011D4210D18023DB0185
:10EEBC001D4223D180231B021D422FD1AE4200D014
:10EECC00C0E104B080BCB846F0BD0124BDE700240D
:10EEDC001E43604B1C60FFF7A5FE80236A465B0057
:10EEEC0093801472012101A800F03AFB8022664B3A
:10EEFC0012031A658023DB011D42DBD01E438023E5
:10EF0C006A46DB009380012101A800F029FB102246
:10EF1C005D4B1A6580231B021D42CFD01E43A023DC
:10EF2C006A46DB009380012101A800F019FB8022C6
:10EF3C00554B12011A65C1E7FFF7A8FE26007BE7C7
:10EF4C00544B444A1C66536E2340A342FBD184E7C6
:10EF5C007833E75C002F00D106E70233E25C002A2D
:10EF6C0000D00DE13E00FFE6B833E75C002F00D186
:10EF7C00FFE60233E25C002A00D0F9E03E00F8E63E
:10EF8C00F833E75C002F00D1F8E60233E25C002A8C
:10EF9C0000D041E13E00F1E6F933FF33E75C002F8E
:10EFAC0000D103E70233E25C002A00D02BE13E00E3
:10EFBC00FCE67933FF33E75C002F00D1EAE602333D
:10EFCC00E25C002A00D015E13E00E3E6324BE75C40
:10EFDC00002F00D1F4E60233E25C002A00D001E1FC
:10EFEC003E00EDE63933FF33E75C002F00D1CBE672
:10EFFC000233E25C002A00D0EBE03E00C4E638337A
:10F00C00E65C002E00D1AAE60233E25C002A00D1B5
:10F01C00A5E6200000222030E25400F04DFA9EE6D6
:10F02C00B933FF33E75C002F00D1B9E60233E25C61
:10F03C00002A00D0C4E03E00B2E6184BE75C002F7B
:10F04C0000D1C7E60233E25C002A00D0B0E03E00FB
:10F05C00C0E6C04600001150004005408C54002012
:10F06C006C5400203B0200007B020000BB0200003D
:10F07C00FB0200003B0300007B030000BB0300000D
:10F08C00FB03000023770020003011501000020019
:10F09C0000001050002011507A020000FA0200000B
:10F0AC006B4BE75C002F00D185E60233E25C002A53
:10F0BC0076D13E007FE6674BE75C002F00D184E6FB
:10F0CC000233E25C002A63D13E007EE6624BE75CD1
:10F0DC00002F00D188E60233E25C002A00D0A3E0C6
:10F0EC005E4BE35C022B30D15D4BE35C002B27D1F4
:10F0FC005C4BE35C022B00D08BE63E005A4BE35C8E
:10F10C00002B00D17AE6FF239B00E25C002A00D1A1
:10F11C007FE60022E2541C3BE01800F0CDF978E6C3
:10F12C00524BE75C002F00D159E60233E25C002A17
:10F13C0016D13E0053E64A4BE35C002B00D158E657
:10F14C00EF239B00E25C002A75D1464BE35C022B5B
:10F15C0000D05EE6444BE35C002B00D159E6D2E7CD
:10F16C000022E2541C3BE01800F0A6F93E0036E603
:10F17C0020000022A030E2543E0000F09DF9F8E59A
:10F18C00200000226030E2543E0000F095F9EBE5DF
:10F19C000022E2541C3BE01800F08EF93E0014E60D
:10F1AC000022E2541C3BE01800F086F93E0002E617
:10F1BC000022E2541C3BE01800F07EF93E0009E608
:10F1CC0020000022A130FF30E2543E0000F074F920
:10F1DC00E6E5200000222130FF30E2543E0000F032
:10F1EC006BF9D1E50022E2541C3BE01800F064F905
:10F1FC003E00E5E5200000226130FF30E2543E0085
:10F20C0000F05AF9C6E520000022E130FF30E2544C
:10F21C003E0000F051F9C9E520000022E030E25434
:10F22C003E0000F049F9A9E50022E2541C3BE0182D
:10F23C0000F042F954E70022E2541C3BE01800F0C5
:10F24C003BF982E731000A48694000F039FBC046BF
:10F25C003A020000BA0200007A030000BB0300006F
:10F26C00BA030000FB030000FA0300003A0300009D
:10F27C0084B80010F0B5C64600B50200838A008B36
:10F28C008C46011C984200D9191CD478802520008A
:10F29C00461EB04189B2ED000D43400328430125C1
:10F2AC006C405B1AD47054789BB29382002C31D191
:10F2BC006446D568A4014E1E2D19B0461469002968
:10F2CC0023D0062E32D92B0023439B072ED1631C4F
:10F2DC00EB1A022B2AD900238F08BF00E658EE50F8
:10F2EC0004339F42FAD14346ED19DB1BE419B942B2
:10F2FC0009D026782E70002B05D066786E70012B05
:10F30C0001D0A378AB701469938A641814618022BD
:10F31C0012021043002B02D18023DB0118436346F9
:10F32C00002B00D0000480BCB846F0BD0023E65C86
:10F33C00EE5401339942FAD1E5E7C0468368F0B543
:10F34C001A680400002900D0120C63789205900D05
:10F35C00002B08D1E38AC318E382238B834201D9A3
:10F36C000023A382F0BDE368890125695E18471E5E
:10F37C00002822D0062F26D901315B18EB1A022B5C
:10F38C0021D92B0033439B071DD10023120E920071
:10F39C00F158E95004339A42FAD1BF1AAD18B61895
:10F3AC00904209D032782A70002F05D072786A709A
:10F3BC00012F01D0B278AA702569E38A2D18C318E1
:10F3CC00E3822561C9E70022B35CAB540132904261
:10F3DC00FAD12569F1E7C04610B504008368002115
:10F3EC001B68FFF7ABFF63681B685B0002D5238BC0
:10F3FC00834200D010BD01212000FFF79FFFF9E7E9
:10F40C00084A0300126C0020920703D49A78D209A0
:10F41C00012A00D07047D87E023843425841C0B20E
:10F42C00F8E7C0460000115010B5FFF7E9FF0028BF
:10F43C000CD00749074B8C46074A9B6A12686344F9
:10F44C009B1A0020C6229A424041C0B210BDC04651
:10F45C00E0FCFFFF004005406C5400200023837645
:10F46C00436103617047C04610B58368002901D021
:10F47C001C682140002A12D08024E400114322424F
:10F48C000DD01A6822420CD1084A0A401A60084A68
:10F49C00126C920703D40C23033BFDD283681960D2
:10F4AC0010BD8178034800F00BFAC046FFFBFFFF4C
:10F4BC000000115098B80010436870B500218025E9
:10F4CC0004001E68FFF7D6FE124B6D011A6C054343
:10F4DC00A37892070ED55B060ED00F4B1E408023EF
:10F4EC009B05334362680021136020002A00FFF75C
:10F4FC00BBFF70BDDB09F0D0A38A002BEDD001213E
:10F50C002000FFF7B7FEA023044ADB053240054379
:10F51C001343E7E700001150FFFFFFAFFFFFFFDFD2
:10F52C0070B5857E0400002D14D0FFF755FFA38A1B
:10F53C00002B01D1280070BD2000FFF775FF0028BB
:10F54C0003D0012300252377F4E72000FFF7B4FF55
:10F55C000025EFE78178014800F0B2F9B8B8001047
:10F56C00F0B5CE46474680B5437805000E0085B011
:10F57C00062B08D86C4A9B00D3589F466B4A1378CD
:10F58C000133DBB213706A4B1C686269EFF31081B4
:10F59C0072B61368002BFCD0BFF35F8FA161200003
:10F5AC00290000F05DF96269A369BFF35F8F002148
:10F5BC00116083F31088002804D105B0C0BCB94693
:10F5CC00B046F0BD32006978287800F039F9F4E7DC
:10F5DC000121584B1A788A431A701A7801318A43E0
:10F5EC001A7000225A701A7802318A431A70CAE7CC
:10F5FC005149524F894652490024002388463A7893
:10F60C0012E043461B6861015B18002B06D0DB69D6
:10F61C00002B03D06968287898473A780134E4B213
:10F62C00511C2300A14217DBA242EAD89B1A5B01B2
:10F63C004B44ECE73F4B1A78D207BED504211A781D
:10F64C000A431A709FE73B4B1A78D207B5D50421B1
:10F65C001A788A431A7096E7364F3B785B072BD59E
:10F66C0004223B78002193433B706B460632981D75
:10F67C0000F0BEF82B7801AC2370052363702C4B83
:10F68C001B6898465A69EFF3108172B61368002B09
:10F69C00FCD0BFF35F8F434640469961210000F0D8
:10F6AC00DFF843465A699B69BFF35F8F00211160F5
:10F6BC0083F31088002831D1FB78DB0700D47CE77A
:10F6CC006B460A220021981D00F092F82B7801ACB1
:10F6DC002370032363706B686360154B1D686A6944
:10F6EC00EFF3108172B61368002BFCD0BFF35F8F61
:10F6FC00A9612800210000F0B3F86A69AB69BFF377
:10F70C005F8F0021116083F31088002800D154E72B
:10F71C0032006178207800F093F84EE7320061787F
:10F72C00207800F08DF8C7E770BD0010247700201A
:10F73C00D04F0020784F00208CBD00102077002087
:10F74C00AC47002070B5437804000E00012B1FD08D
:10F75C00184B1D686A69EFF3108172B61368002BA1
:10F76C00FCD0BFF35F8FA9612800210000F078F86E
:10F77C006A69AB69BFF35F8F0021116083F3108856
:10F78C00002804D032006178207800F029F870BD90
:10F79C00094B01781A789142DAD101795A78914261
:10F7AC00D6D141799A789142D2D11021DA788A4314
:10F7BC00DA70CDE758530020244B00207047C04628
:10F7CC0001B40248844601BC604700BF852100108B
:10F7DC0001B40248844601BC604700BF873A001060
:10F7EC0001B40248844601BC604700BFF18A001096
:10F7FC0001B40248844601BC604700BF453C001080
:10F80C0001B40248844601BC604700BF2563001068
:10F81C0001B40248844601BC604700BF933A001013
:10F82C0001B40248844601BC604700BFB9250010F2
:10F83C0001B40248844601BC604700BF4D3A001039
:10F84C0001B40248844601BC604700BFCD6A001079
:10F85C0001B40248844601BC604700BF2166001019
:10F86C0001B40248844601BC604700BFA984001063
:10F87C0001B40248844601BC604700BF6D610010B2
:10F88C0001B40248844601BC604700BF513C0010E3
:10F89C0001B40248844601BC604700BFD911001076
:10F8AC0001B40248844601BC604700BF7565001076
:10F8BC0001B40248844601BC604700BF193B0010EC
:10F8CC0001B40248844601BC604700BFD512001049
:10F8DC0001B40248844601BC604700BFC912001045
:10F8EC0001B40248844601BC604700BFD5660010D5
:10F8FC0001B40248844601BC604700BF291F0010B8
:10F90C0001B40248844601BC604700BF8D3A001028
:10F91C0001B40248844601BC604700BFCD640010AE
:10F92C0001B40248844601BC604700BF1D6400104E
:10F93C0001B40248844601BC604700BFC93A0010BC
:10F94C0001B40248844601BC604700BF7D11001021
:10F95C0001B40248844601BC604700BFB1110010DD
:10F96C0001B40248844601BC604700BFBB3A00109A
:10F97C00FCB80010F0B60010F8B6001008B7001074
:10F98C0018B7001000000000000102000000000089
:10F99C00FFFF00001000000000000000000001004C
:10F9AC000000000000000000000002000000000049
:10F9BC000000000000000300000000000000000038
:10F9CC000000FF000000000001B5486801318E46C0
:10F9DC000047704609380149884701BDFD160010E3
:10F9EC00000000000000000000000000000000000B
:10F9FC000000000090420020000000000000000009
:10FA0C00503300004C3300005433000052330000DC
:10FA1C004D5300004D4300005334000043340000AC
:10FA2C0080A50010D44F002010000C000000000036
:10FA3C0000000000000000000000000000000000BA
:10FA4C00FF0000005C53002010000C0000000000C0
:10FA5C00000000000000000000000000000000009A
:10FA6C00FF000000FFFFFFFF00000200000000008D
:10FA7C000000000000000000B03C0020B03C002062
:10FA8C00B83C0020B83C0020C03C0020C03C00200A
:10FA9C00C83C0020C83C0020D03C0020D03C0020BA
:10FAAC00D83C0020D83C0020E03C0020E03C00206A
:10FABC00E83C0020E83C0020F03C0020F03C00201A
:10FACC00F83C0020F83C0020003D0020003D0020C8
:10FADC00083D0020083D0020103D0020103D002076
:10FAEC00183D0020183D0020203D0020203D002026
:10FAFC00283D0020283D0020303D0020303D0020D6
:10FB0C00383D0020383D0020403D0020403D002085
:10FB1C00483D0020483D0020503D0020503D002035
:10FB2C00583D0020583D0020603D0020603D0020E5
:10FB3C00683D0020683D0020703D0020703D002095
:10FB4C00783D0020783D0020803D0020803D002045
:10FB5C00883D0020883D0020903D0020903D0020F5
:10FB6C00983D0020983D0020A03D0020A03D0020A5
:10FB7C00A83D0020A83D0020B03D0020B03D002055
:10FB8C00B83D0020B83D0020C03D0020C03D002005
:10FB9C00C83D0020C83D0020D03D0020D03D0020B5
:10FBAC00D83D0020D83D0020E03D0020E03D002065
:10FBBC00E83D0020E83D0020F03D0020F03D002015
:10FBCC00F83D0020F83D0020003E0020003E0020C3
:10FBDC00083E0020083E0020103E0020103E002071
:10FBEC00183E0020183E0020203E0020203E002021
:10FBFC00283E0020283E0020303E0020303E0020D1
:10FC0C00383E0020383E0020403E0020403E002080
:10FC1C00483E0020483E0020503E0020503E002030
:10FC2C00583E0020583E0020603E0020603E0020E0
:10FC3C00683E0020683E0020703E0020703E002090
:10FC4C00783E0020783E0020803E0020803E002040
:10FC5C00883E0020883E0020903E0020903E0020F0
:10FC6C00983E0020983E0020A03E0020A03E0020A0
:10FC7C00A83E0020A83E0020B03E0020B03E002050
:10FC8C00B83E0020B83E0020C03E0020C03E002000
:10FC9C00C83E0020C83E0020D03E0020D03E0020B0
:10FCAC00D83E0020D83E0020E03E0020E03E002060
:10FCBC00E83E0020E83E0020F03E0020F03E002010
:10FCCC00F83E0020F83E0020003F0020003F0020BE
:10FCDC00083F0020083F0020103F0020103F00206C
:10FCEC00183F0020183F0020203F0020203F00201C
:10FCFC00283F0020283F0020303F0020303F0020CC
:10FD0C00383F0020383F0020403F0020403F00207B
:10FD1C00483F0020483F0020503F0020503F00202B
:10FD2C00583F0020583F0020603F0020603F0020DB
:10FD3C00683F0020683F0020703F0020703F00208B
:10FD4C00783F0020783F0020803F0020803F00203B
:10FD5C00883F0020883F0020903F0020903F0020EB
:10FD6C00983F0020983F0020A03F0020A03F00209B
:10FD7C00A83F0020A83F0020B03F0020B03F00204B
:10FD8C00B83F0020B83F0020C03F0020C03F0020FB
:10FD9C00C83F0020C83F0020D03F0020D03F0020AB
:10FDAC00D83F0020D83F0020E03F0020E03F00205B
:10FDBC00E83F0020E83F0020F03F0020F03F00200B
:10FDCC00F83F0020F83F00200040002000400020B9
:10FDDC000840002008400020104000201040002067
:10FDEC001840002018400020204000202040002017
:10FDFC0028400020284000203040002030400020C7
:10FE0C003840002038400020404000204040002076
:10FE1C004840002048400020504000205040002026
:10FE2C0058400020584000206040002060400020D6
:10FE3C006840002068400020704000207040002086
:10FE4C007840002078400020804000208040002036
:10FE5C0088400020884000209040002090400020E6
:10FE6C009840002098400020A0400020A040002096
:10FE7C00A8400020A8400020C04000200000000046
:10FE8C000000000070460020D846002040470020AB
:10FE9C000000000000000000000000000000000056
:10FEAC000000000000000000000000000000000046
:10FEBC000000000000000000000000000000000036
:10FECC000000000000000000000000000000000026
:10FEDC000000000000000000000000000000000016
:10FEEC000000000000000000000000000000000006
:10FEFC0000000000000000000000000000000000F6
:10FF0C0000000000000000000000000000000000E5
:10FF1C0000000000000000000100000000000000D4
:10FF2C000E33CDAB34126DE6ECDE05000B00000099
:10FF3C0000000000000000000000000000000000B5
:10FF4C0000000000000000000000000000000000A5
:10FF5C000000000000000000000000000000000095
:10FF6C000000000000000000000000000000000085
:10FF7C000000000000000000000000000000000075
:10FF8C000000000000000000000000000000000065
:10FF9C000000000000000000000000000000000055
:10FFAC000000000000000000000000000000000045
:10FFBC000000000000000000000000000000000035
:10FFCC000000000000000000000000000000000025
:04000005100001E9FD
:00000001FF
